ANIO;MES;IGAE;IGAE_menos_1;IGAE_menos_2;IGAE_menos_3;IGAE_menos_4;IGAE_menos_5;IGAE_menos_6;IGAE_menos_7;IGAE_menos_8;IGAE_menos_9;IGAE_menos_10;IGAE_menos_11;IGAE_menos_12;IGAE_mas_1;IGAE_mas_2;IGAE_mas_3;IGAE_mas_4;IGAE_mas_5;IGAE_mas_6;IGAE_mas_7;IGAE_mas_8;IGAE_mas_9;IGAE_mas_10;IGAE_mas_11;IGAE_mas_12;IGAE_mas_12
1993;1;75.98819777;0;0;0;0;0;0;0;0;0;0;0;0;76.28848217;76.47699888;76.611321;76.71805144;76.78762407;76.85107607;76.81331051;76.72043704;76.79798033;77.09651174;77.59506316;78.19451353;
1993;2;76.28848217;75.98819777;0;0;0;0;0;0;0;0;0;0;0;76.47699888;76.611321;76.71805144;76.78762407;76.85107607;76.81331051;76.72043704;76.79798033;77.09651174;77.59506316;78.19451353;78.87633858;
1993;3;76.47699888;76.28848217;75.98819777;0;0;0;0;0;0;0;0;0;0;76.611321;76.71805144;76.78762407;76.85107607;76.81331051;76.72043704;76.79798033;77.09651174;77.59506316;78.19451353;78.87633858;79.63687131;
1993;4;76.611321;76.47699888;76.28848217;75.98819777;0;0;0;0;0;0;0;0;0;76.71805144;76.78762407;76.85107607;76.81331051;76.72043704;76.79798033;77.09651174;77.59506316;78.19451353;78.87633858;79.63687131;80.37568609;
1993;5;76.71805144;76.611321;76.47699888;76.28848217;75.98819777;0;0;0;0;0;0;0;0;76.78762407;76.85107607;76.81331051;76.72043704;76.79798033;77.09651174;77.59506316;78.19451353;78.87633858;79.63687131;80.37568609;80.90263009;
1993;6;76.78762407;76.71805144;76.611321;76.47699888;76.28848217;75.98819777;0;0;0;0;0;0;0;76.85107607;76.81331051;76.72043704;76.79798033;77.09651174;77.59506316;78.19451353;78.87633858;79.63687131;80.37568609;80.90263009;81.05110617;
1993;7;76.85107607;76.78762407;76.71805144;76.611321;76.47699888;76.28848217;75.98819777;0;0;0;0;0;0;76.81331051;76.72043704;76.79798033;77.09651174;77.59506316;78.19451353;78.87633858;79.63687131;80.37568609;80.90263009;81.05110617;80.97529948;
1993;8;76.81331051;76.85107607;76.78762407;76.71805144;76.611321;76.47699888;76.28848217;75.98819777;0;0;0;0;0;76.72043704;76.79798033;77.09651174;77.59506316;78.19451353;78.87633858;79.63687131;80.37568609;80.90263009;81.05110617;80.97529948;81.05126948;
1993;9;76.72043704;76.81331051;76.85107607;76.78762407;76.71805144;76.611321;76.47699888;76.28848217;75.98819777;0;0;0;0;76.79798033;77.09651174;77.59506316;78.19451353;78.87633858;79.63687131;80.37568609;80.90263009;81.05110617;80.97529948;81.05126948;81.3272924;
1993;10;76.79798033;76.72043704;76.81331051;76.85107607;76.78762407;76.71805144;76.611321;76.47699888;76.28848217;75.98819777;0;0;0;77.09651174;77.59506316;78.19451353;78.87633858;79.63687131;80.37568609;80.90263009;81.05110617;80.97529948;81.05126948;81.3272924;81.52854235;
1993;11;77.09651174;76.79798033;76.72043704;76.81331051;76.85107607;76.78762407;76.71805144;76.611321;76.47699888;76.28848217;75.98819777;0;0;77.59506316;78.19451353;78.87633858;79.63687131;80.37568609;80.90263009;81.05110617;80.97529948;81.05126948;81.3272924;81.52854235;81.45694511;
1993;12;77.59506316;77.09651174;76.79798033;76.72043704;76.81331051;76.85107607;76.78762407;76.71805144;76.611321;76.47699888;76.28848217;75.98819777;0;78.19451353;78.87633858;79.63687131;80.37568609;80.90263009;81.05110617;80.97529948;81.05126948;81.3272924;81.52854235;81.45694511;81.00513314;
1994;1;78.19451353;77.59506316;77.09651174;76.79798033;76.72043704;76.81331051;76.85107607;76.78762407;76.71805144;76.611321;76.47699888;76.28848217;75.98819777;78.87633858;79.63687131;80.37568609;80.90263009;81.05110617;80.97529948;81.05126948;81.3272924;81.52854235;81.45694511;81.00513314;80.33164766;
1994;2;78.87633858;78.19451353;77.59506316;77.09651174;76.79798033;76.72043704;76.81331051;76.85107607;76.78762407;76.71805144;76.611321;76.47699888;76.28848217;79.63687131;80.37568609;80.90263009;81.05110617;80.97529948;81.05126948;81.3272924;81.52854235;81.45694511;81.00513314;80.33164766;76.12527601;
1994;3;79.63687131;78.87633858;78.19451353;77.59506316;77.09651174;76.79798033;76.72043704;76.81331051;76.85107607;76.78762407;76.71805144;76.611321;76.47699888;80.37568609;80.90263009;81.05110617;80.97529948;81.05126948;81.3272924;81.52854235;81.45694511;81.00513314;80.33164766;76.12527601;75.43674035;
1994;4;80.37568609;79.63687131;78.87633858;78.19451353;77.59506316;77.09651174;76.79798033;76.72043704;76.81331051;76.85107607;76.78762407;76.71805144;76.611321;80.90263009;81.05110617;80.97529948;81.05126948;81.3272924;81.52854235;81.45694511;81.00513314;80.33164766;76.12527601;75.43674035;74.72704654;
1994;5;80.90263009;80.37568609;79.63687131;78.87633858;78.19451353;77.59506316;77.09651174;76.79798033;76.72043704;76.81331051;76.85107607;76.78762407;76.71805144;81.05110617;80.97529948;81.05126948;81.3272924;81.52854235;81.45694511;81.00513314;80.33164766;76.12527601;75.43674035;74.72704654;74.17082351;
1994;6;81.05110617;80.90263009;80.37568609;79.63687131;78.87633858;78.19451353;77.59506316;77.09651174;76.79798033;76.72043704;76.81331051;76.85107607;76.78762407;80.97529948;81.05126948;81.3272924;81.52854235;81.45694511;81.00513314;80.33164766;76.12527601;75.43674035;74.72704654;74.17082351;74.02024108;
1994;7;80.97529948;81.05110617;80.90263009;80.37568609;79.63687131;78.87633858;78.19451353;77.59506316;77.09651174;76.79798033;76.72043704;76.81331051;76.85107607;81.05126948;81.3272924;81.52854235;81.45694511;81.00513314;80.33164766;76.12527601;75.43674035;74.72704654;74.17082351;74.02024108;74.27735328;
1994;8;81.05126948;80.97529948;81.05110617;80.90263009;80.37568609;79.63687131;78.87633858;78.19451353;77.59506316;77.09651174;76.79798033;76.72043704;76.81331051;81.3272924;81.52854235;81.45694511;81.00513314;80.33164766;76.12527601;75.43674035;74.72704654;74.17082351;74.02024108;74.27735328;74.68011763;
1994;9;81.3272924;81.05126948;80.97529948;81.05110617;80.90263009;80.37568609;79.63687131;78.87633858;78.19451353;77.59506316;77.09651174;76.79798033;76.72043704;81.52854235;81.45694511;81.00513314;80.33164766;76.12527601;75.43674035;74.72704654;74.17082351;74.02024108;74.27735328;74.68011763;75.05931443;
1994;10;81.52854235;81.3272924;81.05126948;80.97529948;81.05110617;80.90263009;80.37568609;79.63687131;78.87633858;78.19451353;77.59506316;77.09651174;76.79798033;81.45694511;81.00513314;80.33164766;76.12527601;75.43674035;74.72704654;74.17082351;74.02024108;74.27735328;74.68011763;75.05931443;75.39240916;
1994;11;81.45694511;81.52854235;81.3272924;81.05126948;80.97529948;81.05110617;80.90263009;80.37568609;79.63687131;78.87633858;78.19451353;77.59506316;77.09651174;81.00513314;80.33164766;76.12527601;75.43674035;74.72704654;74.17082351;74.02024108;74.27735328;74.68011763;75.05931443;75.39240916;75.77759116;
1994;12;81.00513314;81.45694511;81.52854235;81.3272924;81.05126948;80.97529948;81.05110617;80.90263009;80.37568609;79.63687131;78.87633858;78.19451353;77.59506316;80.33164766;76.12527601;75.43674035;74.72704654;74.17082351;74.02024108;74.27735328;74.68011763;75.05931443;75.39240916;75.77759116;76.32807162;
1995;1;80.33164766;81.00513314;81.45694511;81.52854235;81.3272924;81.05126948;80.97529948;81.05110617;80.90263009;80.37568609;79.63687131;78.87633858;78.19451353;76.12527601;75.43674035;74.72704654;74.17082351;74.02024108;74.27735328;74.68011763;75.05931443;75.39240916;75.77759116;76.32807162;77.01997556;
1995;2;76.12527601;80.33164766;81.00513314;81.45694511;81.52854235;81.3272924;81.05126948;80.97529948;81.05110617;80.90263009;80.37568609;79.63687131;78.87633858;75.43674035;74.72704654;74.17082351;74.02024108;74.27735328;74.68011763;75.05931443;75.39240916;75.77759116;76.32807162;77.01997556;77.63760546;
1995;3;75.43674035;76.12527601;80.33164766;81.00513314;81.45694511;81.52854235;81.3272924;81.05126948;80.97529948;81.05110617;80.90263009;80.37568609;79.63687131;74.72704654;74.17082351;74.02024108;74.27735328;74.68011763;75.05931443;75.39240916;75.77759116;76.32807162;77.01997556;77.63760546;78.1169444;
1995;4;74.72704654;75.43674035;76.12527601;80.33164766;81.00513314;81.45694511;81.52854235;81.3272924;81.05126948;80.97529948;81.05110617;80.90263009;80.37568609;74.17082351;74.02024108;74.27735328;74.68011763;75.05931443;75.39240916;75.77759116;76.32807162;77.01997556;77.63760546;78.1169444;78.51664984;
1995;5;74.17082351;74.72704654;75.43674035;76.12527601;80.33164766;81.00513314;81.45694511;81.52854235;81.3272924;81.05126948;80.97529948;81.05110617;80.90263009;74.02024108;74.27735328;74.68011763;75.05931443;75.39240916;75.77759116;76.32807162;77.01997556;77.63760546;78.1169444;78.51664984;78.9009121;
1995;6;74.02024108;74.17082351;74.72704654;75.43674035;76.12527601;80.33164766;81.00513314;81.45694511;81.52854235;81.3272924;81.05126948;80.97529948;81.05110617;74.27735328;74.68011763;75.05931443;75.39240916;75.77759116;76.32807162;77.01997556;77.63760546;78.1169444;78.51664984;78.9009121;79.278019;
1995;7;74.27735328;74.02024108;74.17082351;74.72704654;75.43674035;76.12527601;80.33164766;81.00513314;81.45694511;81.52854235;81.3272924;81.05126948;80.97529948;74.68011763;75.05931443;75.39240916;75.77759116;76.32807162;77.01997556;77.63760546;78.1169444;78.51664984;78.9009121;79.278019;79.61422025;
1995;8;74.68011763;74.27735328;74.02024108;74.17082351;74.72704654;75.43674035;76.12527601;80.33164766;81.00513314;81.45694511;81.52854235;81.3272924;81.05126948;75.05931443;75.39240916;75.77759116;76.32807162;77.01997556;77.63760546;78.1169444;78.51664984;78.9009121;79.278019;79.61422025;79.94451442;
1995;9;75.05931443;74.68011763;74.27735328;74.02024108;74.17082351;74.72704654;75.43674035;76.12527601;80.33164766;81.00513314;81.45694511;81.52854235;81.3272924;75.39240916;75.77759116;76.32807162;77.01997556;77.63760546;78.1169444;78.51664984;78.9009121;79.278019;79.61422025;79.94451442;80.41683492;
1995;10;75.39240916;75.05931443;74.68011763;74.27735328;74.02024108;74.17082351;74.72704654;75.43674035;76.12527601;80.33164766;81.00513314;81.45694511;81.52854235;75.77759116;76.32807162;77.01997556;77.63760546;78.1169444;78.51664984;78.9009121;79.278019;79.61422025;79.94451442;80.41683492;81.08554078;
1995;11;75.77759116;75.39240916;75.05931443;74.68011763;74.27735328;74.02024108;74.17082351;74.72704654;75.43674035;76.12527601;80.33164766;81.00513314;81.45694511;76.32807162;77.01997556;77.63760546;78.1169444;78.51664984;78.9009121;79.278019;79.61422025;79.94451442;80.41683492;81.08554078;81.85866411;
1995;12;76.32807162;75.77759116;75.39240916;75.05931443;74.68011763;74.27735328;74.02024108;74.17082351;74.72704654;75.43674035;76.12527601;80.33164766;81.00513314;77.01997556;77.63760546;78.1169444;78.51664984;78.9009121;79.278019;79.61422025;79.94451442;80.41683492;81.08554078;81.85866411;82.54016912;
1996;1;77.01997556;76.32807162;75.77759116;75.39240916;75.05931443;74.68011763;74.27735328;74.02024108;74.17082351;74.72704654;75.43674035;76.12527601;80.33164766;77.63760546;78.1169444;78.51664984;78.9009121;79.278019;79.61422025;79.94451442;80.41683492;81.08554078;81.85866411;82.54016912;83.0420002;
1996;2;77.63760546;77.01997556;76.32807162;75.77759116;75.39240916;75.05931443;74.68011763;74.27735328;74.02024108;74.17082351;74.72704654;75.43674035;76.12527601;78.1169444;78.51664984;78.9009121;79.278019;79.61422025;79.94451442;80.41683492;81.08554078;81.85866411;82.54016912;83.0420002;83.43799461;
1996;3;78.1169444;77.63760546;77.01997556;76.32807162;75.77759116;75.39240916;75.05931443;74.68011763;74.27735328;74.02024108;74.17082351;74.72704654;75.43674035;78.51664984;78.9009121;79.278019;79.61422025;79.94451442;80.41683492;81.08554078;81.85866411;82.54016912;83.0420002;83.43799461;83.92652572;
1996;4;78.51664984;78.1169444;77.63760546;77.01997556;76.32807162;75.77759116;75.39240916;75.05931443;74.68011763;74.27735328;74.02024108;74.17082351;74.72704654;78.9009121;79.278019;79.61422025;79.94451442;80.41683492;81.08554078;81.85866411;82.54016912;83.0420002;83.43799461;83.92652572;84.5715922;
1996;5;78.9009121;78.51664984;78.1169444;77.63760546;77.01997556;76.32807162;75.77759116;75.39240916;75.05931443;74.68011763;74.27735328;74.02024108;74.17082351;79.278019;79.61422025;79.94451442;80.41683492;81.08554078;81.85866411;82.54016912;83.0420002;83.43799461;83.92652572;84.5715922;85.25510255;
1996;6;79.278019;78.9009121;78.51664984;78.1169444;77.63760546;77.01997556;76.32807162;75.77759116;75.39240916;75.05931443;74.68011763;74.27735328;74.02024108;79.61422025;79.94451442;80.41683492;81.08554078;81.85866411;82.54016912;83.0420002;83.43799461;83.92652572;84.5715922;85.25510255;85.79614434;
1996;7;79.61422025;79.278019;78.9009121;78.51664984;78.1169444;77.63760546;77.01997556;76.32807162;75.77759116;75.39240916;75.05931443;74.68011763;74.27735328;79.94451442;80.41683492;81.08554078;81.85866411;82.54016912;83.0420002;83.43799461;83.92652572;84.5715922;85.25510255;85.79614434;86.25575068;
1996;8;79.94451442;79.61422025;79.278019;78.9009121;78.51664984;78.1169444;77.63760546;77.01997556;76.32807162;75.77759116;75.39240916;75.05931443;74.68011763;80.41683492;81.08554078;81.85866411;82.54016912;83.0420002;83.43799461;83.92652572;84.5715922;85.25510255;85.79614434;86.25575068;86.76470508;
1996;9;80.41683492;79.94451442;79.61422025;79.278019;78.9009121;78.51664984;78.1169444;77.63760546;77.01997556;76.32807162;75.77759116;75.39240916;75.05931443;81.08554078;81.85866411;82.54016912;83.0420002;83.43799461;83.92652572;84.5715922;85.25510255;85.79614434;86.25575068;86.76470508;87.32403854;
1996;10;81.08554078;80.41683492;79.94451442;79.61422025;79.278019;78.9009121;78.51664984;78.1169444;77.63760546;77.01997556;76.32807162;75.77759116;75.39240916;81.85866411;82.54016912;83.0420002;83.43799461;83.92652572;84.5715922;85.25510255;85.79614434;86.25575068;86.76470508;87.32403854;87.81397857;
1996;11;81.85866411;81.08554078;80.41683492;79.94451442;79.61422025;79.278019;78.9009121;78.51664984;78.1169444;77.63760546;77.01997556;76.32807162;75.77759116;82.54016912;83.0420002;83.43799461;83.92652572;84.5715922;85.25510255;85.79614434;86.25575068;86.76470508;87.32403854;87.81397857;88.17514723;
1996;12;82.54016912;81.85866411;81.08554078;80.41683492;79.94451442;79.61422025;79.278019;78.9009121;78.51664984;78.1169444;77.63760546;77.01997556;76.32807162;83.0420002;83.43799461;83.92652572;84.5715922;85.25510255;85.79614434;86.25575068;86.76470508;87.32403854;87.81397857;88.17514723;88.46134063;
1997;1;83.0420002;82.54016912;81.85866411;81.08554078;80.41683492;79.94451442;79.61422025;79.278019;78.9009121;78.51664984;78.1169444;77.63760546;77.01997556;83.43799461;83.92652572;84.5715922;85.25510255;85.79614434;86.25575068;86.76470508;87.32403854;87.81397857;88.17514723;88.46134063;88.82411808;
1997;2;83.43799461;83.0420002;82.54016912;81.85866411;81.08554078;80.41683492;79.94451442;79.61422025;79.278019;78.9009121;78.51664984;78.1169444;77.63760546;83.92652572;84.5715922;85.25510255;85.79614434;86.25575068;86.76470508;87.32403854;87.81397857;88.17514723;88.46134063;88.82411808;89.29568663;
1997;3;83.92652572;83.43799461;83.0420002;82.54016912;81.85866411;81.08554078;80.41683492;79.94451442;79.61422025;79.278019;78.9009121;78.51664984;78.1169444;84.5715922;85.25510255;85.79614434;86.25575068;86.76470508;87.32403854;87.81397857;88.17514723;88.46134063;88.82411808;89.29568663;89.74031433;
1997;4;84.5715922;83.92652572;83.43799461;83.0420002;82.54016912;81.85866411;81.08554078;80.41683492;79.94451442;79.61422025;79.278019;78.9009121;78.51664984;85.25510255;85.79614434;86.25575068;86.76470508;87.32403854;87.81397857;88.17514723;88.46134063;88.82411808;89.29568663;89.74031433;89.98763088;
1997;5;85.25510255;84.5715922;83.92652572;83.43799461;83.0420002;82.54016912;81.85866411;81.08554078;80.41683492;79.94451442;79.61422025;79.278019;78.9009121;85.79614434;86.25575068;86.76470508;87.32403854;87.81397857;88.17514723;88.46134063;88.82411808;89.29568663;89.74031433;89.98763088;90.09982563;
1997;6;85.79614434;85.25510255;84.5715922;83.92652572;83.43799461;83.0420002;82.54016912;81.85866411;81.08554078;80.41683492;79.94451442;79.61422025;79.278019;86.25575068;86.76470508;87.32403854;87.81397857;88.17514723;88.46134063;88.82411808;89.29568663;89.74031433;89.98763088;90.09982563;90.24930731;
1997;7;86.25575068;85.79614434;85.25510255;84.5715922;83.92652572;83.43799461;83.0420002;82.54016912;81.85866411;81.08554078;80.41683492;79.94451442;79.61422025;86.76470508;87.32403854;87.81397857;88.17514723;88.46134063;88.82411808;89.29568663;89.74031433;89.98763088;90.09982563;90.24930731;90.43345767;
1997;8;86.76470508;86.25575068;85.79614434;85.25510255;84.5715922;83.92652572;83.43799461;83.0420002;82.54016912;81.85866411;81.08554078;80.41683492;79.94451442;87.32403854;87.81397857;88.17514723;88.46134063;88.82411808;89.29568663;89.74031433;89.98763088;90.09982563;90.24930731;90.43345767;90.54844397;
1997;9;87.32403854;86.76470508;86.25575068;85.79614434;85.25510255;84.5715922;83.92652572;83.43799461;83.0420002;82.54016912;81.85866411;81.08554078;80.41683492;87.81397857;88.17514723;88.46134063;88.82411808;89.29568663;89.74031433;89.98763088;90.09982563;90.24930731;90.43345767;90.54844397;90.55350942;
1997;10;87.81397857;87.32403854;86.76470508;86.25575068;85.79614434;85.25510255;84.5715922;83.92652572;83.43799461;83.0420002;82.54016912;81.85866411;81.08554078;88.17514723;88.46134063;88.82411808;89.29568663;89.74031433;89.98763088;90.09982563;90.24930731;90.43345767;90.54844397;90.55350942;90.57466367;
1997;11;88.17514723;87.81397857;87.32403854;86.76470508;86.25575068;85.79614434;85.25510255;84.5715922;83.92652572;83.43799461;83.0420002;82.54016912;81.85866411;88.46134063;88.82411808;89.29568663;89.74031433;89.98763088;90.09982563;90.24930731;90.43345767;90.54844397;90.55350942;90.57466367;90.75164472;
1997;12;88.46134063;88.17514723;87.81397857;87.32403854;86.76470508;86.25575068;85.79614434;85.25510255;84.5715922;83.92652572;83.43799461;83.0420002;82.54016912;88.82411808;89.29568663;89.74031433;89.98763088;90.09982563;90.24930731;90.43345767;90.54844397;90.55350942;90.57466367;90.75164472;91.14389088;
1998;1;88.82411808;88.46134063;88.17514723;87.81397857;87.32403854;86.76470508;86.25575068;85.79614434;85.25510255;84.5715922;83.92652572;83.43799461;83.0420002;89.29568663;89.74031433;89.98763088;90.09982563;90.24930731;90.43345767;90.54844397;90.55350942;90.57466367;90.75164472;91.14389088;91.58439023;
1998;2;89.29568663;88.82411808;88.46134063;88.17514723;87.81397857;87.32403854;86.76470508;86.25575068;85.79614434;85.25510255;84.5715922;83.92652572;83.43799461;89.74031433;89.98763088;90.09982563;90.24930731;90.43345767;90.54844397;90.55350942;90.57466367;90.75164472;91.14389088;91.58439023;91.96593459;
1998;3;89.74031433;89.29568663;88.82411808;88.46134063;88.17514723;87.81397857;87.32403854;86.76470508;86.25575068;85.79614434;85.25510255;84.5715922;83.92652572;89.98763088;90.09982563;90.24930731;90.43345767;90.54844397;90.55350942;90.57466367;90.75164472;91.14389088;91.58439023;91.96593459;92.23931353;
1998;4;89.98763088;89.74031433;89.29568663;88.82411808;88.46134063;88.17514723;87.81397857;87.32403854;86.76470508;86.25575068;85.79614434;85.25510255;84.5715922;90.09982563;90.24930731;90.43345767;90.54844397;90.55350942;90.57466367;90.75164472;91.14389088;91.58439023;91.96593459;92.23931353;92.5152685;
1998;5;90.09982563;89.98763088;89.74031433;89.29568663;88.82411808;88.46134063;88.17514723;87.81397857;87.32403854;86.76470508;86.25575068;85.79614434;85.25510255;90.24930731;90.43345767;90.54844397;90.55350942;90.57466367;90.75164472;91.14389088;91.58439023;91.96593459;92.23931353;92.5152685;92.8327114;
1998;6;90.24930731;90.09982563;89.98763088;89.74031433;89.29568663;88.82411808;88.46134063;88.17514723;87.81397857;87.32403854;86.76470508;86.25575068;85.79614434;90.43345767;90.54844397;90.55350942;90.57466367;90.75164472;91.14389088;91.58439023;91.96593459;92.23931353;92.5152685;92.8327114;93.19608251;
1998;7;90.43345767;90.24930731;90.09982563;89.98763088;89.74031433;89.29568663;88.82411808;88.46134063;88.17514723;87.81397857;87.32403854;86.76470508;86.25575068;90.54844397;90.55350942;90.57466367;90.75164472;91.14389088;91.58439023;91.96593459;92.23931353;92.5152685;92.8327114;93.19608251;93.53094043;
1998;8;90.54844397;90.43345767;90.24930731;90.09982563;89.98763088;89.74031433;89.29568663;88.82411808;88.46134063;88.17514723;87.81397857;87.32403854;86.76470508;90.55350942;90.57466367;90.75164472;91.14389088;91.58439023;91.96593459;92.23931353;92.5152685;92.8327114;93.19608251;93.53094043;93.85462897;
1998;9;90.55350942;90.54844397;90.43345767;90.24930731;90.09982563;89.98763088;89.74031433;89.29568663;88.82411808;88.46134063;88.17514723;87.81397857;87.32403854;90.57466367;90.75164472;91.14389088;91.58439023;91.96593459;92.23931353;92.5152685;92.8327114;93.19608251;93.53094043;93.85462897;94.20630319;
1998;10;90.57466367;90.55350942;90.54844397;90.43345767;90.24930731;90.09982563;89.98763088;89.74031433;89.29568663;88.82411808;88.46134063;88.17514723;87.81397857;90.75164472;91.14389088;91.58439023;91.96593459;92.23931353;92.5152685;92.8327114;93.19608251;93.53094043;93.85462897;94.20630319;94.67945759;
1998;11;90.75164472;90.57466367;90.55350942;90.54844397;90.43345767;90.24930731;90.09982563;89.98763088;89.74031433;89.29568663;88.82411808;88.46134063;88.17514723;91.14389088;91.58439023;91.96593459;92.23931353;92.5152685;92.8327114;93.19608251;93.53094043;93.85462897;94.20630319;94.67945759;95.31028246;
1998;12;91.14389088;90.75164472;90.57466367;90.55350942;90.54844397;90.43345767;90.24930731;90.09982563;89.98763088;89.74031433;89.29568663;88.82411808;88.46134063;91.58439023;91.96593459;92.23931353;92.5152685;92.8327114;93.19608251;93.53094043;93.85462897;94.20630319;94.67945759;95.31028246;96.04011746;
1999;1;91.58439023;91.14389088;90.75164472;90.57466367;90.55350942;90.54844397;90.43345767;90.24930731;90.09982563;89.98763088;89.74031433;89.29568663;88.82411808;91.96593459;92.23931353;92.5152685;92.8327114;93.19608251;93.53094043;93.85462897;94.20630319;94.67945759;95.31028246;96.04011746;96.73212755;
1999;2;91.96593459;91.58439023;91.14389088;90.75164472;90.57466367;90.55350942;90.54844397;90.43345767;90.24930731;90.09982563;89.98763088;89.74031433;89.29568663;92.23931353;92.5152685;92.8327114;93.19608251;93.53094043;93.85462897;94.20630319;94.67945759;95.31028246;96.04011746;96.73212755;97.3642495;
1999;3;92.23931353;91.96593459;91.58439023;91.14389088;90.75164472;90.57466367;90.55350942;90.54844397;90.43345767;90.24930731;90.09982563;89.98763088;89.74031433;92.5152685;92.8327114;93.19608251;93.53094043;93.85462897;94.20630319;94.67945759;95.31028246;96.04011746;96.73212755;97.3642495;97.94464083;
1999;4;92.5152685;92.23931353;91.96593459;91.58439023;91.14389088;90.75164472;90.57466367;90.55350942;90.54844397;90.43345767;90.24930731;90.09982563;89.98763088;92.8327114;93.19608251;93.53094043;93.85462897;94.20630319;94.67945759;95.31028246;96.04011746;96.73212755;97.3642495;97.94464083;98.52635082;
1999;5;92.8327114;92.5152685;92.23931353;91.96593459;91.58439023;91.14389088;90.75164472;90.57466367;90.55350942;90.54844397;90.43345767;90.24930731;90.09982563;93.19608251;93.53094043;93.85462897;94.20630319;94.67945759;95.31028246;96.04011746;96.73212755;97.3642495;97.94464083;98.52635082;99.07540495;
1999;6;93.19608251;92.8327114;92.5152685;92.23931353;91.96593459;91.58439023;91.14389088;90.75164472;90.57466367;90.55350942;90.54844397;90.43345767;90.24930731;93.53094043;93.85462897;94.20630319;94.67945759;95.31028246;96.04011746;96.73212755;97.3642495;97.94464083;98.52635082;99.07540495;99.5662873;
1999;7;93.53094043;93.19608251;92.8327114;92.5152685;92.23931353;91.96593459;91.58439023;91.14389088;90.75164472;90.57466367;90.55350942;90.54844397;90.43345767;93.85462897;94.20630319;94.67945759;95.31028246;96.04011746;96.73212755;97.3642495;97.94464083;98.52635082;99.07540495;99.5662873;99.97866125;
1999;8;93.85462897;93.53094043;93.19608251;92.8327114;92.5152685;92.23931353;91.96593459;91.58439023;91.14389088;90.75164472;90.57466367;90.55350942;90.54844397;94.20630319;94.67945759;95.31028246;96.04011746;96.73212755;97.3642495;97.94464083;98.52635082;99.07540495;99.5662873;99.97866125;100.2742925;
1999;9;94.20630319;93.85462897;93.53094043;93.19608251;92.8327114;92.5152685;92.23931353;91.96593459;91.58439023;91.14389088;90.75164472;90.57466367;90.55350942;94.67945759;95.31028246;96.04011746;96.73212755;97.3642495;97.94464083;98.52635082;99.07540495;99.5662873;99.97866125;100.2742925;100.393553;
1999;10;94.67945759;94.20630319;93.85462897;93.53094043;93.19608251;92.8327114;92.5152685;92.23931353;91.96593459;91.58439023;91.14389088;90.75164472;90.57466367;95.31028246;96.04011746;96.73212755;97.3642495;97.94464083;98.52635082;99.07540495;99.5662873;99.97866125;100.2742925;100.393553;100.2578553;
1999;11;95.31028246;94.67945759;94.20630319;93.85462897;93.53094043;93.19608251;92.8327114;92.5152685;92.23931353;91.96593459;91.58439023;91.14389088;90.75164472;96.04011746;96.73212755;97.3642495;97.94464083;98.52635082;99.07540495;99.5662873;99.97866125;100.2742925;100.393553;100.2578553;99.8643496;
1999;12;96.04011746;95.31028246;94.67945759;94.20630319;93.85462897;93.53094043;93.19608251;92.8327114;92.5152685;92.23931353;91.96593459;91.58439023;91.14389088;96.73212755;97.3642495;97.94464083;98.52635082;99.07540495;99.5662873;99.97866125;100.2742925;100.393553;100.2578553;99.8643496;99.34369423;
2000;1;96.73212755;96.04011746;95.31028246;94.67945759;94.20630319;93.85462897;93.53094043;93.19608251;92.8327114;92.5152685;92.23931353;91.96593459;91.58439023;97.3642495;97.94464083;98.52635082;99.07540495;99.5662873;99.97866125;100.2742925;100.393553;100.2578553;99.8643496;99.34369423;98.8890696;
2000;2;97.3642495;96.73212755;96.04011746;95.31028246;94.67945759;94.20630319;93.85462897;93.53094043;93.19608251;92.8327114;92.5152685;92.23931353;91.96593459;97.94464083;98.52635082;99.07540495;99.5662873;99.97866125;100.2742925;100.393553;100.2578553;99.8643496;99.34369423;98.8890696;98.5663623;
2000;3;97.94464083;97.3642495;96.73212755;96.04011746;95.31028246;94.67945759;94.20630319;93.85462897;93.53094043;93.19608251;92.8327114;92.5152685;92.23931353;98.52635082;99.07540495;99.5662873;99.97866125;100.2742925;100.393553;100.2578553;99.8643496;99.34369423;98.8890696;98.5663623;98.37670238;
2000;4;98.52635082;97.94464083;97.3642495;96.73212755;96.04011746;95.31028246;94.67945759;94.20630319;93.85462897;93.53094043;93.19608251;92.8327114;92.5152685;99.07540495;99.5662873;99.97866125;100.2742925;100.393553;100.2578553;99.8643496;99.34369423;98.8890696;98.5663623;98.37670238;98.30455901;
2000;5;99.07540495;98.52635082;97.94464083;97.3642495;96.73212755;96.04011746;95.31028246;94.67945759;94.20630319;93.85462897;93.53094043;93.19608251;92.8327114;99.5662873;99.97866125;100.2742925;100.393553;100.2578553;99.8643496;99.34369423;98.8890696;98.5663623;98.37670238;98.30455901;98.35105457;
2000;6;99.5662873;99.07540495;98.52635082;97.94464083;97.3642495;96.73212755;96.04011746;95.31028246;94.67945759;94.20630319;93.85462897;93.53094043;93.19608251;99.97866125;100.2742925;100.393553;100.2578553;99.8643496;99.34369423;98.8890696;98.5663623;98.37670238;98.30455901;98.35105457;98.52236079;
2000;7;99.97866125;99.5662873;99.07540495;98.52635082;97.94464083;97.3642495;96.73212755;96.04011746;95.31028246;94.67945759;94.20630319;93.85462897;93.53094043;100.2742925;100.393553;100.2578553;99.8643496;99.34369423;98.8890696;98.5663623;98.37670238;98.30455901;98.35105457;98.52236079;98.67872062;
2000;8;100.2742925;99.97866125;99.5662873;99.07540495;98.52635082;97.94464083;97.3642495;96.73212755;96.04011746;95.31028246;94.67945759;94.20630319;93.85462897;100.393553;100.2578553;99.8643496;99.34369423;98.8890696;98.5663623;98.37670238;98.30455901;98.35105457;98.52236079;98.67872062;98.69195546;
2000;9;100.393553;100.2742925;99.97866125;99.5662873;99.07540495;98.52635082;97.94464083;97.3642495;96.73212755;96.04011746;95.31028246;94.67945759;94.20630319;100.2578553;99.8643496;99.34369423;98.8890696;98.5663623;98.37670238;98.30455901;98.35105457;98.52236079;98.67872062;98.69195546;98.50629081;
2000;10;100.2578553;100.393553;100.2742925;99.97866125;99.5662873;99.07540495;98.52635082;97.94464083;97.3642495;96.73212755;96.04011746;95.31028246;94.67945759;99.8643496;99.34369423;98.8890696;98.5663623;98.37670238;98.30455901;98.35105457;98.52236079;98.67872062;98.69195546;98.50629081;98.21278285;
2000;11;99.8643496;100.2578553;100.393553;100.2742925;99.97866125;99.5662873;99.07540495;98.52635082;97.94464083;97.3642495;96.73212755;96.04011746;95.31028246;99.34369423;98.8890696;98.5663623;98.37670238;98.30455901;98.35105457;98.52236079;98.67872062;98.69195546;98.50629081;98.21278285;97.89203288;
2000;12;99.34369423;99.8643496;100.2578553;100.393553;100.2742925;99.97866125;99.5662873;99.07540495;98.52635082;97.94464083;97.3642495;96.73212755;96.04011746;98.8890696;98.5663623;98.37670238;98.30455901;98.35105457;98.52236079;98.67872062;98.69195546;98.50629081;98.21278285;97.89203288;97.64778458;
2001;1;98.8890696;99.34369423;99.8643496;100.2578553;100.393553;100.2742925;99.97866125;99.5662873;99.07540495;98.52635082;97.94464083;97.3642495;96.73212755;98.5663623;98.37670238;98.30455901;98.35105457;98.52236079;98.67872062;98.69195546;98.50629081;98.21278285;97.89203288;97.64778458;97.57988407;
2001;2;98.5663623;98.8890696;99.34369423;99.8643496;100.2578553;100.393553;100.2742925;99.97866125;99.5662873;99.07540495;98.52635082;97.94464083;97.3642495;98.37670238;98.30455901;98.35105457;98.52236079;98.67872062;98.69195546;98.50629081;98.21278285;97.89203288;97.64778458;97.57988407;97.71885239;
2001;3;98.37670238;98.5663623;98.8890696;99.34369423;99.8643496;100.2578553;100.393553;100.2742925;99.97866125;99.5662873;99.07540495;98.52635082;97.94464083;98.30455901;98.35105457;98.52236079;98.67872062;98.69195546;98.50629081;98.21278285;97.89203288;97.64778458;97.57988407;97.71885239;97.9994233;
2001;4;98.30455901;98.37670238;98.5663623;98.8890696;99.34369423;99.8643496;100.2578553;100.393553;100.2742925;99.97866125;99.5662873;99.07540495;98.52635082;98.35105457;98.52236079;98.67872062;98.69195546;98.50629081;98.21278285;97.89203288;97.64778458;97.57988407;97.71885239;97.9994233;98.34829583;
2001;5;98.35105457;98.30455901;98.37670238;98.5663623;98.8890696;99.34369423;99.8643496;100.2578553;100.393553;100.2742925;99.97866125;99.5662873;99.07540495;98.52236079;98.67872062;98.69195546;98.50629081;98.21278285;97.89203288;97.64778458;97.57988407;97.71885239;97.9994233;98.34829583;98.6673902;
2001;6;98.52236079;98.35105457;98.30455901;98.37670238;98.5663623;98.8890696;99.34369423;99.8643496;100.2578553;100.393553;100.2742925;99.97866125;99.5662873;98.67872062;98.69195546;98.50629081;98.21278285;97.89203288;97.64778458;97.57988407;97.71885239;97.9994233;98.34829583;98.6673902;98.89116376;
2001;7;98.67872062;98.52236079;98.35105457;98.30455901;98.37670238;98.5663623;98.8890696;99.34369423;99.8643496;100.2578553;100.393553;100.2742925;99.97866125;98.69195546;98.50629081;98.21278285;97.89203288;97.64778458;97.57988407;97.71885239;97.9994233;98.34829583;98.6673902;98.89116376;99.06139868;
2001;8;98.69195546;98.67872062;98.52236079;98.35105457;98.30455901;98.37670238;98.5663623;98.8890696;99.34369423;99.8643496;100.2578553;100.393553;100.2742925;98.50629081;98.21278285;97.89203288;97.64778458;97.57988407;97.71885239;97.9994233;98.34829583;98.6673902;98.89116376;99.06139868;99.18528871;
2001;9;98.50629081;98.69195546;98.67872062;98.52236079;98.35105457;98.30455901;98.37670238;98.5663623;98.8890696;99.34369423;99.8643496;100.2578553;100.393553;98.21278285;97.89203288;97.64778458;97.57988407;97.71885239;97.9994233;98.34829583;98.6673902;98.89116376;99.06139868;99.18528871;99.21738272;
2001;10;98.21278285;98.50629081;98.69195546;98.67872062;98.52236079;98.35105457;98.30455901;98.37670238;98.5663623;98.8890696;99.34369423;99.8643496;100.2578553;97.89203288;97.64778458;97.57988407;97.71885239;97.9994233;98.34829583;98.6673902;98.89116376;99.06139868;99.18528871;99.21738272;99.18715889;
2001;11;97.89203288;98.21278285;98.50629081;98.69195546;98.67872062;98.52236079;98.35105457;98.30455901;98.37670238;98.5663623;98.8890696;99.34369423;99.8643496;97.64778458;97.57988407;97.71885239;97.9994233;98.34829583;98.6673902;98.89116376;99.06139868;99.18528871;99.21738272;99.18715889;99.225613;
2001;12;97.64778458;97.89203288;98.21278285;98.50629081;98.69195546;98.67872062;98.52236079;98.35105457;98.30455901;98.37670238;98.5663623;98.8890696;99.34369423;97.57988407;97.71885239;97.9994233;98.34829583;98.6673902;98.89116376;99.06139868;99.18528871;99.21738272;99.18715889;99.225613;99.42992827;
2002;1;97.57988407;97.64778458;97.89203288;98.21278285;98.50629081;98.69195546;98.67872062;98.52236079;98.35105457;98.30455901;98.37670238;98.5663623;98.8890696;97.71885239;97.9994233;98.34829583;98.6673902;98.89116376;99.06139868;99.18528871;99.21738272;99.18715889;99.225613;99.42992827;99.73525627;
2002;2;97.71885239;97.57988407;97.64778458;97.89203288;98.21278285;98.50629081;98.69195546;98.67872062;98.52236079;98.35105457;98.30455901;98.37670238;98.5663623;97.9994233;98.34829583;98.6673902;98.89116376;99.06139868;99.18528871;99.21738272;99.18715889;99.225613;99.42992827;99.73525627;99.95755663;
2002;3;97.9994233;97.71885239;97.57988407;97.64778458;97.89203288;98.21278285;98.50629081;98.69195546;98.67872062;98.52236079;98.35105457;98.30455901;98.37670238;98.34829583;98.6673902;98.89116376;99.06139868;99.18528871;99.21738272;99.18715889;99.225613;99.42992827;99.73525627;99.95755663;100.0251452;
2002;4;98.34829583;97.9994233;97.71885239;97.57988407;97.64778458;97.89203288;98.21278285;98.50629081;98.69195546;98.67872062;98.52236079;98.35105457;98.30455901;98.6673902;98.89116376;99.06139868;99.18528871;99.21738272;99.18715889;99.225613;99.42992827;99.73525627;99.95755663;100.0251452;99.9978537;
2002;5;98.6673902;98.34829583;97.9994233;97.71885239;97.57988407;97.64778458;97.89203288;98.21278285;98.50629081;98.69195546;98.67872062;98.52236079;98.35105457;98.89116376;99.06139868;99.18528871;99.21738272;99.18715889;99.225613;99.42992827;99.73525627;99.95755663;100.0251452;99.9978537;99.96015867;
2002;6;98.89116376;98.6673902;98.34829583;97.9994233;97.71885239;97.57988407;97.64778458;97.89203288;98.21278285;98.50629081;98.69195546;98.67872062;98.52236079;99.06139868;99.18528871;99.21738272;99.18715889;99.225613;99.42992827;99.73525627;99.95755663;100.0251452;99.9978537;99.96015867;99.86928847;
2002;7;99.06139868;98.89116376;98.6673902;98.34829583;97.9994233;97.71885239;97.57988407;97.64778458;97.89203288;98.21278285;98.50629081;98.69195546;98.67872062;99.18528871;99.21738272;99.18715889;99.225613;99.42992827;99.73525627;99.95755663;100.0251452;99.9978537;99.96015867;99.86928847;99.72139224;
2002;8;99.18528871;99.06139868;98.89116376;98.6673902;98.34829583;97.9994233;97.71885239;97.57988407;97.64778458;97.89203288;98.21278285;98.50629081;98.69195546;99.21738272;99.18715889;99.225613;99.42992827;99.73525627;99.95755663;100.0251452;99.9978537;99.96015867;99.86928847;99.72139224;99.55799052;
2002;9;99.21738272;99.18528871;99.06139868;98.89116376;98.6673902;98.34829583;97.9994233;97.71885239;97.57988407;97.64778458;97.89203288;98.21278285;98.50629081;99.18715889;99.225613;99.42992827;99.73525627;99.95755663;100.0251452;99.9978537;99.96015867;99.86928847;99.72139224;99.55799052;99.6071043;
2002;10;99.18715889;99.21738272;99.18528871;99.06139868;98.89116376;98.6673902;98.34829583;97.9994233;97.71885239;97.57988407;97.64778458;97.89203288;98.21278285;99.225613;99.42992827;99.73525627;99.95755663;100.0251452;99.9978537;99.96015867;99.86928847;99.72139224;99.55799052;99.6071043;99.9896306;
2002;11;99.225613;99.18715889;99.21738272;99.18528871;99.06139868;98.89116376;98.6673902;98.34829583;97.9994233;97.71885239;97.57988407;97.64778458;97.89203288;99.42992827;99.73525627;99.95755663;100.0251452;99.9978537;99.96015867;99.86928847;99.72139224;99.55799052;99.6071043;99.9896306;100.6440572;
2002;12;99.42992827;99.225613;99.18715889;99.21738272;99.18528871;99.06139868;98.89116376;98.6673902;98.34829583;97.9994233;97.71885239;97.57988407;97.64778458;99.73525627;99.95755663;100.0251452;99.9978537;99.96015867;99.86928847;99.72139224;99.55799052;99.6071043;99.9896306;100.6440572;101.3003552;
2003;1;99.73525627;99.42992827;99.225613;99.18715889;99.21738272;99.18528871;99.06139868;98.89116376;98.6673902;98.34829583;97.9994233;97.71885239;97.57988407;99.95755663;100.0251452;99.9978537;99.96015867;99.86928847;99.72139224;99.55799052;99.6071043;99.9896306;100.6440572;101.3003552;101.8489422;
2003;2;99.95755663;99.73525627;99.42992827;99.225613;99.18715889;99.21738272;99.18528871;99.06139868;98.89116376;98.6673902;98.34829583;97.9994233;97.71885239;100.0251452;99.9978537;99.96015867;99.86928847;99.72139224;99.55799052;99.6071043;99.9896306;100.6440572;101.3003552;101.8489422;102.366384;
2003;3;100.0251452;99.95755663;99.73525627;99.42992827;99.225613;99.18715889;99.21738272;99.18528871;99.06139868;98.89116376;98.6673902;98.34829583;97.9994233;99.9978537;99.96015867;99.86928847;99.72139224;99.55799052;99.6071043;99.9896306;100.6440572;101.3003552;101.8489422;102.366384;102.895849;
2003;4;99.9978537;100.0251452;99.95755663;99.73525627;99.42992827;99.225613;99.18715889;99.21738272;99.18528871;99.06139868;98.89116376;98.6673902;98.34829583;99.96015867;99.86928847;99.72139224;99.55799052;99.6071043;99.9896306;100.6440572;101.3003552;101.8489422;102.366384;102.895849;103.3552993;
2003;5;99.96015867;99.9978537;100.0251452;99.95755663;99.73525627;99.42992827;99.225613;99.18715889;99.21738272;99.18528871;99.06139868;98.89116376;98.6673902;99.86928847;99.72139224;99.55799052;99.6071043;99.9896306;100.6440572;101.3003552;101.8489422;102.366384;102.895849;103.3552993;103.6671085;
2003;6;99.86928847;99.96015867;99.9978537;100.0251452;99.95755663;99.73525627;99.42992827;99.225613;99.18715889;99.21738272;99.18528871;99.06139868;98.89116376;99.72139224;99.55799052;99.6071043;99.9896306;100.6440572;101.3003552;101.8489422;102.366384;102.895849;103.3552993;103.6671085;103.8050123;
2003;7;99.72139224;99.86928847;99.96015867;99.9978537;100.0251452;99.95755663;99.73525627;99.42992827;99.225613;99.18715889;99.21738272;99.18528871;99.06139868;99.55799052;99.6071043;99.9896306;100.6440572;101.3003552;101.8489422;102.366384;102.895849;103.3552993;103.6671085;103.8050123;103.8932578;
2003;8;99.55799052;99.72139224;99.86928847;99.96015867;99.9978537;100.0251452;99.95755663;99.73525627;99.42992827;99.225613;99.18715889;99.21738272;99.18528871;99.6071043;99.9896306;100.6440572;101.3003552;101.8489422;102.366384;102.895849;103.3552993;103.6671085;103.8050123;103.8932578;104.1631601;
2003;9;99.6071043;99.55799052;99.72139224;99.86928847;99.96015867;99.9978537;100.0251452;99.95755663;99.73525627;99.42992827;99.225613;99.18715889;99.21738272;99.9896306;100.6440572;101.3003552;101.8489422;102.366384;102.895849;103.3552993;103.6671085;103.8050123;103.8932578;104.1631601;104.6658327;
2003;10;99.9896306;99.6071043;99.55799052;99.72139224;99.86928847;99.96015867;99.9978537;100.0251452;99.95755663;99.73525627;99.42992827;99.225613;99.18715889;100.6440572;101.3003552;101.8489422;102.366384;102.895849;103.3552993;103.6671085;103.8050123;103.8932578;104.1631601;104.6658327;105.2634862;
2003;11;100.6440572;99.9896306;99.6071043;99.55799052;99.72139224;99.86928847;99.96015867;99.9978537;100.0251452;99.95755663;99.73525627;99.42992827;99.225613;101.3003552;101.8489422;102.366384;102.895849;103.3552993;103.6671085;103.8050123;103.8932578;104.1631601;104.6658327;105.2634862;105.7965069;
2003;12;101.3003552;100.6440572;99.9896306;99.6071043;99.55799052;99.72139224;99.86928847;99.96015867;99.9978537;100.0251452;99.95755663;99.73525627;99.42992827;101.8489422;102.366384;102.895849;103.3552993;103.6671085;103.8050123;103.8932578;104.1631601;104.6658327;105.2634862;105.7965069;106.1709365;
2004;1;101.8489422;101.3003552;100.6440572;99.9896306;99.6071043;99.55799052;99.72139224;99.86928847;99.96015867;99.9978537;100.0251452;99.95755663;99.73525627;102.366384;102.895849;103.3552993;103.6671085;103.8050123;103.8932578;104.1631601;104.6658327;105.2634862;105.7965069;106.1709365;106.3607205;
2004;2;102.366384;101.8489422;101.3003552;100.6440572;99.9896306;99.6071043;99.55799052;99.72139224;99.86928847;99.96015867;99.9978537;100.0251452;99.95755663;102.895849;103.3552993;103.6671085;103.8050123;103.8932578;104.1631601;104.6658327;105.2634862;105.7965069;106.1709365;106.3607205;106.4582044;
2004;3;102.895849;102.366384;101.8489422;101.3003552;100.6440572;99.9896306;99.6071043;99.55799052;99.72139224;99.86928847;99.96015867;99.9978537;100.0251452;103.3552993;103.6671085;103.8050123;103.8932578;104.1631601;104.6658327;105.2634862;105.7965069;106.1709365;106.3607205;106.4582044;106.5295695;
2004;4;103.3552993;102.895849;102.366384;101.8489422;101.3003552;100.6440572;99.9896306;99.6071043;99.55799052;99.72139224;99.86928847;99.96015867;99.9978537;103.6671085;103.8050123;103.8932578;104.1631601;104.6658327;105.2634862;105.7965069;106.1709365;106.3607205;106.4582044;106.5295695;106.5261791;
2004;5;103.6671085;103.3552993;102.895849;102.366384;101.8489422;101.3003552;100.6440572;99.9896306;99.6071043;99.55799052;99.72139224;99.86928847;99.96015867;103.8050123;103.8932578;104.1631601;104.6658327;105.2634862;105.7965069;106.1709365;106.3607205;106.4582044;106.5295695;106.5261791;106.4834594;
2004;6;103.8050123;103.6671085;103.3552993;102.895849;102.366384;101.8489422;101.3003552;100.6440572;99.9896306;99.6071043;99.55799052;99.72139224;99.86928847;103.8932578;104.1631601;104.6658327;105.2634862;105.7965069;106.1709365;106.3607205;106.4582044;106.5295695;106.5261791;106.4834594;106.6264981;
2004;7;103.8932578;103.8050123;103.6671085;103.3552993;102.895849;102.366384;101.8489422;101.3003552;100.6440572;99.9896306;99.6071043;99.55799052;99.72139224;104.1631601;104.6658327;105.2634862;105.7965069;106.1709365;106.3607205;106.4582044;106.5295695;106.5261791;106.4834594;106.6264981;107.0702649;
2004;8;104.1631601;103.8932578;103.8050123;103.6671085;103.3552993;102.895849;102.366384;101.8489422;101.3003552;100.6440572;99.9896306;99.6071043;99.55799052;104.6658327;105.2634862;105.7965069;106.1709365;106.3607205;106.4582044;106.5295695;106.5261791;106.4834594;106.6264981;107.0702649;107.7487626;
2004;9;104.6658327;104.1631601;103.8932578;103.8050123;103.6671085;103.3552993;102.895849;102.366384;101.8489422;101.3003552;100.6440572;99.9896306;99.6071043;105.2634862;105.7965069;106.1709365;106.3607205;106.4582044;106.5295695;106.5261791;106.4834594;106.6264981;107.0702649;107.7487626;108.5083246;
2004;10;105.2634862;104.6658327;104.1631601;103.8932578;103.8050123;103.6671085;103.3552993;102.895849;102.366384;101.8489422;101.3003552;100.6440572;99.9896306;105.7965069;106.1709365;106.3607205;106.4582044;106.5295695;106.5261791;106.4834594;106.6264981;107.0702649;107.7487626;108.5083246;109.2101621;
2004;11;105.7965069;105.2634862;104.6658327;104.1631601;103.8932578;103.8050123;103.6671085;103.3552993;102.895849;102.366384;101.8489422;101.3003552;100.6440572;106.1709365;106.3607205;106.4582044;106.5295695;106.5261791;106.4834594;106.6264981;107.0702649;107.7487626;108.5083246;109.2101621;109.8509376;
2004;12;106.1709365;105.7965069;105.2634862;104.6658327;104.1631601;103.8932578;103.8050123;103.6671085;103.3552993;102.895849;102.366384;101.8489422;101.3003552;106.3607205;106.4582044;106.5295695;106.5261791;106.4834594;106.6264981;107.0702649;107.7487626;108.5083246;109.2101621;109.8509376;110.5103829;
2005;1;106.3607205;106.1709365;105.7965069;105.2634862;104.6658327;104.1631601;103.8932578;103.8050123;103.6671085;103.3552993;102.895849;102.366384;101.8489422;106.4582044;106.5295695;106.5261791;106.4834594;106.6264981;107.0702649;107.7487626;108.5083246;109.2101621;109.8509376;110.5103829;111.1528941;
2005;2;106.4582044;106.3607205;106.1709365;105.7965069;105.2634862;104.6658327;104.1631601;103.8932578;103.8050123;103.6671085;103.3552993;102.895849;102.366384;106.5295695;106.5261791;106.4834594;106.6264981;107.0702649;107.7487626;108.5083246;109.2101621;109.8509376;110.5103829;111.1528941;111.7326689;
2005;3;106.5295695;106.4582044;106.3607205;106.1709365;105.7965069;105.2634862;104.6658327;104.1631601;103.8932578;103.8050123;103.6671085;103.3552993;102.895849;106.5261791;106.4834594;106.6264981;107.0702649;107.7487626;108.5083246;109.2101621;109.8509376;110.5103829;111.1528941;111.7326689;112.2851967;
2005;4;106.5261791;106.5295695;106.4582044;106.3607205;106.1709365;105.7965069;105.2634862;104.6658327;104.1631601;103.8932578;103.8050123;103.6671085;103.3552993;106.4834594;106.6264981;107.0702649;107.7487626;108.5083246;109.2101621;109.8509376;110.5103829;111.1528941;111.7326689;112.2851967;112.7973115;
2005;5;106.4834594;106.5261791;106.5295695;106.4582044;106.3607205;106.1709365;105.7965069;105.2634862;104.6658327;104.1631601;103.8932578;103.8050123;103.6671085;106.6264981;107.0702649;107.7487626;108.5083246;109.2101621;109.8509376;110.5103829;111.1528941;111.7326689;112.2851967;112.7973115;113.2081034;
2005;6;106.6264981;106.4834594;106.5261791;106.5295695;106.4582044;106.3607205;106.1709365;105.7965069;105.2634862;104.6658327;104.1631601;103.8932578;103.8050123;107.0702649;107.7487626;108.5083246;109.2101621;109.8509376;110.5103829;111.1528941;111.7326689;112.2851967;112.7973115;113.2081034;113.4196875;
2005;7;107.0702649;106.6264981;106.4834594;106.5261791;106.5295695;106.4582044;106.3607205;106.1709365;105.7965069;105.2634862;104.6658327;104.1631601;103.8932578;107.7487626;108.5083246;109.2101621;109.8509376;110.5103829;111.1528941;111.7326689;112.2851967;112.7973115;113.2081034;113.4196875;113.42571;
2005;8;107.7487626;107.0702649;106.6264981;106.4834594;106.5261791;106.5295695;106.4582044;106.3607205;106.1709365;105.7965069;105.2634862;104.6658327;104.1631601;108.5083246;109.2101621;109.8509376;110.5103829;111.1528941;111.7326689;112.2851967;112.7973115;113.2081034;113.4196875;113.42571;113.3107062;
2005;9;108.5083246;107.7487626;107.0702649;106.6264981;106.4834594;106.5261791;106.5295695;106.4582044;106.3607205;106.1709365;105.7965069;105.2634862;104.6658327;109.2101621;109.8509376;110.5103829;111.1528941;111.7326689;112.2851967;112.7973115;113.2081034;113.4196875;113.42571;113.3107062;113.2630813;
2005;10;109.2101621;108.5083246;107.7487626;107.0702649;106.6264981;106.4834594;106.5261791;106.5295695;106.4582044;106.3607205;106.1709365;105.7965069;105.2634862;109.8509376;110.5103829;111.1528941;111.7326689;112.2851967;112.7973115;113.2081034;113.4196875;113.42571;113.3107062;113.2630813;113.4088591;
2005;11;109.8509376;109.2101621;108.5083246;107.7487626;107.0702649;106.6264981;106.4834594;106.5261791;106.5295695;106.4582044;106.3607205;106.1709365;105.7965069;110.5103829;111.1528941;111.7326689;112.2851967;112.7973115;113.2081034;113.4196875;113.42571;113.3107062;113.2630813;113.4088591;113.7398751;
2005;12;110.5103829;109.8509376;109.2101621;108.5083246;107.7487626;107.0702649;106.6264981;106.4834594;106.5261791;106.5295695;106.4582044;106.3607205;106.1709365;111.1528941;111.7326689;112.2851967;112.7973115;113.2081034;113.4196875;113.42571;113.3107062;113.2630813;113.4088591;113.7398751;114.2283461;
2006;1;111.1528941;110.5103829;109.8509376;109.2101621;108.5083246;107.7487626;107.0702649;106.6264981;106.4834594;106.5261791;106.5295695;106.4582044;106.3607205;111.7326689;112.2851967;112.7973115;113.2081034;113.4196875;113.42571;113.3107062;113.2630813;113.4088591;113.7398751;114.2283461;114.8004199;
2006;2;111.7326689;111.1528941;110.5103829;109.8509376;109.2101621;108.5083246;107.7487626;107.0702649;106.6264981;106.4834594;106.5261791;106.5295695;106.4582044;112.2851967;112.7973115;113.2081034;113.4196875;113.42571;113.3107062;113.2630813;113.4088591;113.7398751;114.2283461;114.8004199;115.3012414;
2006;3;112.2851967;111.7326689;111.1528941;110.5103829;109.8509376;109.2101621;108.5083246;107.7487626;107.0702649;106.6264981;106.4834594;106.5261791;106.5295695;112.7973115;113.2081034;113.4196875;113.42571;113.3107062;113.2630813;113.4088591;113.7398751;114.2283461;114.8004199;115.3012414;115.7290453;
2006;4;112.7973115;112.2851967;111.7326689;111.1528941;110.5103829;109.8509376;109.2101621;108.5083246;107.7487626;107.0702649;106.6264981;106.4834594;106.5261791;113.2081034;113.4196875;113.42571;113.3107062;113.2630813;113.4088591;113.7398751;114.2283461;114.8004199;115.3012414;115.7290453;116.1929593;
2006;5;113.2081034;112.7973115;112.2851967;111.7326689;111.1528941;110.5103829;109.8509376;109.2101621;108.5083246;107.7487626;107.0702649;106.6264981;106.4834594;113.4196875;113.42571;113.3107062;113.2630813;113.4088591;113.7398751;114.2283461;114.8004199;115.3012414;115.7290453;116.1929593;116.6949213;
2006;6;113.4196875;113.2081034;112.7973115;112.2851967;111.7326689;111.1528941;110.5103829;109.8509376;109.2101621;108.5083246;107.7487626;107.0702649;106.6264981;113.42571;113.3107062;113.2630813;113.4088591;113.7398751;114.2283461;114.8004199;115.3012414;115.7290453;116.1929593;116.6949213;117.0886406;
2006;7;113.42571;113.4196875;113.2081034;112.7973115;112.2851967;111.7326689;111.1528941;110.5103829;109.8509376;109.2101621;108.5083246;107.7487626;107.0702649;113.3107062;113.2630813;113.4088591;113.7398751;114.2283461;114.8004199;115.3012414;115.7290453;116.1929593;116.6949213;117.0886406;117.3211609;
2006;8;113.3107062;113.42571;113.4196875;113.2081034;112.7973115;112.2851967;111.7326689;111.1528941;110.5103829;109.8509376;109.2101621;108.5083246;107.7487626;113.2630813;113.4088591;113.7398751;114.2283461;114.8004199;115.3012414;115.7290453;116.1929593;116.6949213;117.0886406;117.3211609;117.3946446;
2006;9;113.2630813;113.3107062;113.42571;113.4196875;113.2081034;112.7973115;112.2851967;111.7326689;111.1528941;110.5103829;109.8509376;109.2101621;108.5083246;113.4088591;113.7398751;114.2283461;114.8004199;115.3012414;115.7290453;116.1929593;116.6949213;117.0886406;117.3211609;117.3946446;117.3582537;
2006;10;113.4088591;113.2630813;113.3107062;113.42571;113.4196875;113.2081034;112.7973115;112.2851967;111.7326689;111.1528941;110.5103829;109.8509376;109.2101621;113.7398751;114.2283461;114.8004199;115.3012414;115.7290453;116.1929593;116.6949213;117.0886406;117.3211609;117.3946446;117.3582537;117.3692136;
2006;11;113.7398751;113.4088591;113.2630813;113.3107062;113.42571;113.4196875;113.2081034;112.7973115;112.2851967;111.7326689;111.1528941;110.5103829;109.8509376;114.2283461;114.8004199;115.3012414;115.7290453;116.1929593;116.6949213;117.0886406;117.3211609;117.3946446;117.3582537;117.3692136;117.4186622;
2006;12;114.2283461;113.7398751;113.4088591;113.2630813;113.3107062;113.42571;113.4196875;113.2081034;112.7973115;112.2851967;111.7326689;111.1528941;110.5103829;114.8004199;115.3012414;115.7290453;116.1929593;116.6949213;117.0886406;117.3211609;117.3946446;117.3582537;117.3692136;117.4186622;117.4429794;
2007;1;114.8004199;114.2283461;113.7398751;113.4088591;113.2630813;113.3107062;113.42571;113.4196875;113.2081034;112.7973115;112.2851967;111.7326689;111.1528941;115.3012414;115.7290453;116.1929593;116.6949213;117.0886406;117.3211609;117.3946446;117.3582537;117.3692136;117.4186622;117.4429794;117.5409463;
2007;2;115.3012414;114.8004199;114.2283461;113.7398751;113.4088591;113.2630813;113.3107062;113.42571;113.4196875;113.2081034;112.7973115;112.2851967;111.7326689;115.7290453;116.1929593;116.6949213;117.0886406;117.3211609;117.3946446;117.3582537;117.3692136;117.4186622;117.4429794;117.5409463;117.760527;
2007;3;115.7290453;115.3012414;114.8004199;114.2283461;113.7398751;113.4088591;113.2630813;113.3107062;113.42571;113.4196875;113.2081034;112.7973115;112.2851967;116.1929593;116.6949213;117.0886406;117.3211609;117.3946446;117.3582537;117.3692136;117.4186622;117.4429794;117.5409463;117.760527;118.0369932;
2007;4;116.1929593;115.7290453;115.3012414;114.8004199;114.2283461;113.7398751;113.4088591;113.2630813;113.3107062;113.42571;113.4196875;113.2081034;112.7973115;116.6949213;117.0886406;117.3211609;117.3946446;117.3582537;117.3692136;117.4186622;117.4429794;117.5409463;117.760527;118.0369932;118.316203;
2007;5;116.6949213;116.1929593;115.7290453;115.3012414;114.8004199;114.2283461;113.7398751;113.4088591;113.2630813;113.3107062;113.42571;113.4196875;113.2081034;117.0886406;117.3211609;117.3946446;117.3582537;117.3692136;117.4186622;117.4429794;117.5409463;117.760527;118.0369932;118.316203;118.6226376;
2007;6;117.0886406;116.6949213;116.1929593;115.7290453;115.3012414;114.8004199;114.2283461;113.7398751;113.4088591;113.2630813;113.3107062;113.42571;113.4196875;117.3211609;117.3946446;117.3582537;117.3692136;117.4186622;117.4429794;117.5409463;117.760527;118.0369932;118.316203;118.6226376;118.812985;
2007;7;117.3211609;117.0886406;116.6949213;116.1929593;115.7290453;115.3012414;114.8004199;114.2283461;113.7398751;113.4088591;113.2630813;113.3107062;113.42571;117.3946446;117.3582537;117.3692136;117.4186622;117.4429794;117.5409463;117.760527;118.0369932;118.316203;118.6226376;118.812985;118.7492623;
2007;8;117.3946446;117.3211609;117.0886406;116.6949213;116.1929593;115.7290453;115.3012414;114.8004199;114.2283461;113.7398751;113.4088591;113.2630813;113.3107062;117.3582537;117.3692136;117.4186622;117.4429794;117.5409463;117.760527;118.0369932;118.316203;118.6226376;118.812985;118.7492623;118.4354499;
2007;9;117.3582537;117.3946446;117.3211609;117.0886406;116.6949213;116.1929593;115.7290453;115.3012414;114.8004199;114.2283461;113.7398751;113.4088591;113.2630813;117.3692136;117.4186622;117.4429794;117.5409463;117.760527;118.0369932;118.316203;118.6226376;118.812985;118.7492623;118.4354499;117.852702;
2007;10;117.3692136;117.3582537;117.3946446;117.3211609;117.0886406;116.6949213;116.1929593;115.7290453;115.3012414;114.8004199;114.2283461;113.7398751;113.4088591;117.4186622;117.4429794;117.5409463;117.760527;118.0369932;118.316203;118.6226376;118.812985;118.7492623;118.4354499;117.852702;116.9671038;
2007;11;117.4186622;117.3692136;117.3582537;117.3946446;117.3211609;117.0886406;116.6949213;116.1929593;115.7290453;115.3012414;114.8004199;114.2283461;113.7398751;117.4429794;117.5409463;117.760527;118.0369932;118.316203;118.6226376;118.812985;118.7492623;118.4354499;117.852702;116.9671038;115.9785493;
2007;12;117.4429794;117.4186622;117.3692136;117.3582537;117.3946446;117.3211609;117.0886406;116.6949213;116.1929593;115.7290453;115.3012414;114.8004199;114.2283461;117.5409463;117.760527;118.0369932;118.316203;118.6226376;118.812985;118.7492623;118.4354499;117.852702;116.9671038;115.9785493;115.0533114;
2008;1;117.5409463;117.4429794;117.4186622;117.3692136;117.3582537;117.3946446;117.3211609;117.0886406;116.6949213;116.1929593;115.7290453;115.3012414;114.8004199;117.760527;118.0369932;118.316203;118.6226376;118.812985;118.7492623;118.4354499;117.852702;116.9671038;115.9785493;115.0533114;110.0053713;
2008;2;117.760527;117.5409463;117.4429794;117.4186622;117.3692136;117.3582537;117.3946446;117.3211609;117.0886406;116.6949213;116.1929593;115.7290453;115.3012414;118.0369932;118.316203;118.6226376;118.812985;118.7492623;118.4354499;117.852702;116.9671038;115.9785493;115.0533114;110.0053713;109.3905598;
2008;3;118.0369932;117.760527;117.5409463;117.4429794;117.4186622;117.3692136;117.3582537;117.3946446;117.3211609;117.0886406;116.6949213;116.1929593;115.7290453;118.316203;118.6226376;118.812985;118.7492623;118.4354499;117.852702;116.9671038;115.9785493;115.0533114;110.0053713;109.3905598;108.9871428;
2008;4;118.316203;118.0369932;117.760527;117.5409463;117.4429794;117.4186622;117.3692136;117.3582537;117.3946446;117.3211609;117.0886406;116.6949213;116.1929593;118.6226376;118.812985;118.7492623;118.4354499;117.852702;116.9671038;115.9785493;115.0533114;110.0053713;109.3905598;108.9871428;108.8082535;
2008;5;118.6226376;118.316203;118.0369932;117.760527;117.5409463;117.4429794;117.4186622;117.3692136;117.3582537;117.3946446;117.3211609;117.0886406;116.6949213;118.812985;118.7492623;118.4354499;117.852702;116.9671038;115.9785493;115.0533114;110.0053713;109.3905598;108.9871428;108.8082535;108.8839673;
2008;6;118.812985;118.6226376;118.316203;118.0369932;117.760527;117.5409463;117.4429794;117.4186622;117.3692136;117.3582537;117.3946446;117.3211609;117.0886406;118.7492623;118.4354499;117.852702;116.9671038;115.9785493;115.0533114;110.0053713;109.3905598;108.9871428;108.8082535;108.8839673;109.3229497;
2008;7;118.7492623;118.812985;118.6226376;118.316203;118.0369932;117.760527;117.5409463;117.4429794;117.4186622;117.3692136;117.3582537;117.3946446;117.3211609;118.4354499;117.852702;116.9671038;115.9785493;115.0533114;110.0053713;109.3905598;108.9871428;108.8082535;108.8839673;109.3229497;110.0726152;
2008;8;118.4354499;118.7492623;118.812985;118.6226376;118.316203;118.0369932;117.760527;117.5409463;117.4429794;117.4186622;117.3692136;117.3582537;117.3946446;117.852702;116.9671038;115.9785493;115.0533114;110.0053713;109.3905598;108.9871428;108.8082535;108.8839673;109.3229497;110.0726152;110.9286091;
2008;9;117.852702;118.4354499;118.7492623;118.812985;118.6226376;118.316203;118.0369932;117.760527;117.5409463;117.4429794;117.4186622;117.3692136;117.3582537;116.9671038;115.9785493;115.0533114;110.0053713;109.3905598;108.9871428;108.8082535;108.8839673;109.3229497;110.0726152;110.9286091;111.8422637;
2008;10;116.9671038;117.852702;118.4354499;118.7492623;118.812985;118.6226376;118.316203;118.0369932;117.760527;117.5409463;117.4429794;117.4186622;117.3692136;115.9785493;115.0533114;110.0053713;109.3905598;108.9871428;108.8082535;108.8839673;109.3229497;110.0726152;110.9286091;111.8422637;112.7931298;
2008;11;115.9785493;116.9671038;117.852702;118.4354499;118.7492623;118.812985;118.6226376;118.316203;118.0369932;117.760527;117.5409463;117.4429794;117.4186622;115.0533114;110.0053713;109.3905598;108.9871428;108.8082535;108.8839673;109.3229497;110.0726152;110.9286091;111.8422637;112.7931298;113.6281911;
2008;12;115.0533114;115.9785493;116.9671038;117.852702;118.4354499;118.7492623;118.812985;118.6226376;118.316203;118.0369932;117.760527;117.5409463;117.4429794;110.0053713;109.3905598;108.9871428;108.8082535;108.8839673;109.3229497;110.0726152;110.9286091;111.8422637;112.7931298;113.6281911;114.2677322;
2009;1;110.0053713;115.0533114;115.9785493;116.9671038;117.852702;118.4354499;118.7492623;118.812985;118.6226376;118.316203;118.0369932;117.760527;117.5409463;109.3905598;108.9871428;108.8082535;108.8839673;109.3229497;110.0726152;110.9286091;111.8422637;112.7931298;113.6281911;114.2677322;114.800824;
2009;2;109.3905598;110.0053713;115.0533114;115.9785493;116.9671038;117.852702;118.4354499;118.7492623;118.812985;118.6226376;118.316203;118.0369932;117.760527;108.9871428;108.8082535;108.8839673;109.3229497;110.0726152;110.9286091;111.8422637;112.7931298;113.6281911;114.2677322;114.800824;115.3770428;
2009;3;108.9871428;109.3905598;110.0053713;115.0533114;115.9785493;116.9671038;117.852702;118.4354499;118.7492623;118.812985;118.6226376;118.316203;118.0369932;108.8082535;108.8839673;109.3229497;110.0726152;110.9286091;111.8422637;112.7931298;113.6281911;114.2677322;114.800824;115.3770428;116.0363442;
2009;4;108.8082535;108.9871428;109.3905598;110.0053713;115.0533114;115.9785493;116.9671038;117.852702;118.4354499;118.7492623;118.812985;118.6226376;118.316203;108.8839673;109.3229497;110.0726152;110.9286091;111.8422637;112.7931298;113.6281911;114.2677322;114.800824;115.3770428;116.0363442;116.6439974;
2009;5;108.8839673;108.8082535;108.9871428;109.3905598;110.0053713;115.0533114;115.9785493;116.9671038;117.852702;118.4354499;118.7492623;118.812985;118.6226376;109.3229497;110.0726152;110.9286091;111.8422637;112.7931298;113.6281911;114.2677322;114.800824;115.3770428;116.0363442;116.6439974;117.0726841;
2009;6;109.3229497;108.8839673;108.8082535;108.9871428;109.3905598;110.0053713;115.0533114;115.9785493;116.9671038;117.852702;118.4354499;118.7492623;118.812985;110.0726152;110.9286091;111.8422637;112.7931298;113.6281911;114.2677322;114.800824;115.3770428;116.0363442;116.6439974;117.0726841;117.2917571;
2009;7;110.0726152;109.3229497;108.8839673;108.8082535;108.9871428;109.3905598;110.0053713;115.0533114;115.9785493;116.9671038;117.852702;118.4354499;118.7492623;110.9286091;111.8422637;112.7931298;113.6281911;114.2677322;114.800824;115.3770428;116.0363442;116.6439974;117.0726841;117.2917571;117.4371344;
2009;8;110.9286091;110.0726152;109.3229497;108.8839673;108.8082535;108.9871428;109.3905598;110.0053713;115.0533114;115.9785493;116.9671038;117.852702;118.4354499;111.8422637;112.7931298;113.6281911;114.2677322;114.800824;115.3770428;116.0363442;116.6439974;117.0726841;117.2917571;117.4371344;117.7168106;
2009;9;111.8422637;110.9286091;110.0726152;109.3229497;108.8839673;108.8082535;108.9871428;109.3905598;110.0053713;115.0533114;115.9785493;116.9671038;117.852702;112.7931298;113.6281911;114.2677322;114.800824;115.3770428;116.0363442;116.6439974;117.0726841;117.2917571;117.4371344;117.7168106;118.0864792;
2009;10;112.7931298;111.8422637;110.9286091;110.0726152;109.3229497;108.8839673;108.8082535;108.9871428;109.3905598;110.0053713;115.0533114;115.9785493;116.9671038;113.6281911;114.2677322;114.800824;115.3770428;116.0363442;116.6439974;117.0726841;117.2917571;117.4371344;117.7168106;118.0864792;118.4624698;
2009;11;113.6281911;112.7931298;111.8422637;110.9286091;110.0726152;109.3229497;108.8839673;108.8082535;108.9871428;109.3905598;110.0053713;115.0533114;115.9785493;114.2677322;114.800824;115.3770428;116.0363442;116.6439974;117.0726841;117.2917571;117.4371344;117.7168106;118.0864792;118.4624698;118.8542254;
2009;12;114.2677322;113.6281911;112.7931298;111.8422637;110.9286091;110.0726152;109.3229497;108.8839673;108.8082535;108.9871428;109.3905598;110.0053713;115.0533114;114.800824;115.3770428;116.0363442;116.6439974;117.0726841;117.2917571;117.4371344;117.7168106;118.0864792;118.4624698;118.8542254;119.3156054;
2010;1;114.800824;114.2677322;113.6281911;112.7931298;111.8422637;110.9286091;110.0726152;109.3229497;108.8839673;108.8082535;108.9871428;109.3905598;110.0053713;115.3770428;116.0363442;116.6439974;117.0726841;117.2917571;117.4371344;117.7168106;118.0864792;118.4624698;118.8542254;119.3156054;119.8184951;
2010;2;115.3770428;114.800824;114.2677322;113.6281911;112.7931298;111.8422637;110.9286091;110.0726152;109.3229497;108.8839673;108.8082535;108.9871428;109.3905598;116.0363442;116.6439974;117.0726841;117.2917571;117.4371344;117.7168106;118.0864792;118.4624698;118.8542254;119.3156054;119.8184951;120.3198747;
2010;3;116.0363442;115.3770428;114.800824;114.2677322;113.6281911;112.7931298;111.8422637;110.9286091;110.0726152;109.3229497;108.8839673;108.8082535;108.9871428;116.6439974;117.0726841;117.2917571;117.4371344;117.7168106;118.0864792;118.4624698;118.8542254;119.3156054;119.8184951;120.3198747;120.7902033;
2010;4;116.6439974;116.0363442;115.3770428;114.800824;114.2677322;113.6281911;112.7931298;111.8422637;110.9286091;110.0726152;109.3229497;108.8839673;108.8082535;117.0726841;117.2917571;117.4371344;117.7168106;118.0864792;118.4624698;118.8542254;119.3156054;119.8184951;120.3198747;120.7902033;121.1737358;
2010;5;117.0726841;116.6439974;116.0363442;115.3770428;114.800824;114.2677322;113.6281911;112.7931298;111.8422637;110.9286091;110.0726152;109.3229497;108.8839673;117.2917571;117.4371344;117.7168106;118.0864792;118.4624698;118.8542254;119.3156054;119.8184951;120.3198747;120.7902033;121.1737358;121.4793836;
2010;6;117.2917571;117.0726841;116.6439974;116.0363442;115.3770428;114.800824;114.2677322;113.6281911;112.7931298;111.8422637;110.9286091;110.0726152;109.3229497;117.4371344;117.7168106;118.0864792;118.4624698;118.8542254;119.3156054;119.8184951;120.3198747;120.7902033;121.1737358;121.4793836;121.8359576;
2010;7;117.4371344;117.2917571;117.0726841;116.6439974;116.0363442;115.3770428;114.800824;114.2677322;113.6281911;112.7931298;111.8422637;110.9286091;110.0726152;117.7168106;118.0864792;118.4624698;118.8542254;119.3156054;119.8184951;120.3198747;120.7902033;121.1737358;121.4793836;121.8359576;122.2499611;
2010;8;117.7168106;117.4371344;117.2917571;117.0726841;116.6439974;116.0363442;115.3770428;114.800824;114.2677322;113.6281911;112.7931298;111.8422637;110.9286091;118.0864792;118.4624698;118.8542254;119.3156054;119.8184951;120.3198747;120.7902033;121.1737358;121.4793836;121.8359576;122.2499611;122.69143;
2010;9;118.0864792;117.7168106;117.4371344;117.2917571;117.0726841;116.6439974;116.0363442;115.3770428;114.800824;114.2677322;113.6281911;112.7931298;111.8422637;118.4624698;118.8542254;119.3156054;119.8184951;120.3198747;120.7902033;121.1737358;121.4793836;121.8359576;122.2499611;122.69143;123.1239612;
2010;10;118.4624698;118.0864792;117.7168106;117.4371344;117.2917571;117.0726841;116.6439974;116.0363442;115.3770428;114.800824;114.2677322;113.6281911;112.7931298;118.8542254;119.3156054;119.8184951;120.3198747;120.7902033;121.1737358;121.4793836;121.8359576;122.2499611;122.69143;123.1239612;123.5037186;
2010;11;118.8542254;118.4624698;118.0864792;117.7168106;117.4371344;117.2917571;117.0726841;116.6439974;116.0363442;115.3770428;114.800824;114.2677322;113.6281911;119.3156054;119.8184951;120.3198747;120.7902033;121.1737358;121.4793836;121.8359576;122.2499611;122.69143;123.1239612;123.5037186;123.8117703;
2010;12;119.3156054;118.8542254;118.4624698;118.0864792;117.7168106;117.4371344;117.2917571;117.0726841;116.6439974;116.0363442;115.3770428;114.800824;114.2677322;119.8184951;120.3198747;120.7902033;121.1737358;121.4793836;121.8359576;122.2499611;122.69143;123.1239612;123.5037186;123.8117703;124.1334073;
2011;1;119.8184951;119.3156054;118.8542254;118.4624698;118.0864792;117.7168106;117.4371344;117.2917571;117.0726841;116.6439974;116.0363442;115.3770428;114.800824;120.3198747;120.7902033;121.1737358;121.4793836;121.8359576;122.2499611;122.69143;123.1239612;123.5037186;123.8117703;124.1334073;124.5212642;
2011;2;120.3198747;119.8184951;119.3156054;118.8542254;118.4624698;118.0864792;117.7168106;117.4371344;117.2917571;117.0726841;116.6439974;116.0363442;115.3770428;120.7902033;121.1737358;121.4793836;121.8359576;122.2499611;122.69143;123.1239612;123.5037186;123.8117703;124.1334073;124.5212642;124.9267432;
2011;3;120.7902033;120.3198747;119.8184951;119.3156054;118.8542254;118.4624698;118.0864792;117.7168106;117.4371344;117.2917571;117.0726841;116.6439974;116.0363442;121.1737358;121.4793836;121.8359576;122.2499611;122.69143;123.1239612;123.5037186;123.8117703;124.1334073;124.5212642;124.9267432;125.2752392;
2011;4;121.1737358;120.7902033;120.3198747;119.8184951;119.3156054;118.8542254;118.4624698;118.0864792;117.7168106;117.4371344;117.2917571;117.0726841;116.6439974;121.4793836;121.8359576;122.2499611;122.69143;123.1239612;123.5037186;123.8117703;124.1334073;124.5212642;124.9267432;125.2752392;125.6795359;
2011;5;121.4793836;121.1737358;120.7902033;120.3198747;119.8184951;119.3156054;118.8542254;118.4624698;118.0864792;117.7168106;117.4371344;117.2917571;117.0726841;121.8359576;122.2499611;122.69143;123.1239612;123.5037186;123.8117703;124.1334073;124.5212642;124.9267432;125.2752392;125.6795359;126.1457594;
2011;6;121.8359576;121.4793836;121.1737358;120.7902033;120.3198747;119.8184951;119.3156054;118.8542254;118.4624698;118.0864792;117.7168106;117.4371344;117.2917571;122.2499611;122.69143;123.1239612;123.5037186;123.8117703;124.1334073;124.5212642;124.9267432;125.2752392;125.6795359;126.1457594;126.6129341;
2011;7;122.2499611;121.8359576;121.4793836;121.1737358;120.7902033;120.3198747;119.8184951;119.3156054;118.8542254;118.4624698;118.0864792;117.7168106;117.4371344;122.69143;123.1239612;123.5037186;123.8117703;124.1334073;124.5212642;124.9267432;125.2752392;125.6795359;126.1457594;126.6129341;127.0152296;
2011;8;122.69143;122.2499611;121.8359576;121.4793836;121.1737358;120.7902033;120.3198747;119.8184951;119.3156054;118.8542254;118.4624698;118.0864792;117.7168106;123.1239612;123.5037186;123.8117703;124.1334073;124.5212642;124.9267432;125.2752392;125.6795359;126.1457594;126.6129341;127.0152296;127.2733672;
2011;9;123.1239612;122.69143;122.2499611;121.8359576;121.4793836;121.1737358;120.7902033;120.3198747;119.8184951;119.3156054;118.8542254;118.4624698;118.0864792;123.5037186;123.8117703;124.1334073;124.5212642;124.9267432;125.2752392;125.6795359;126.1457594;126.6129341;127.0152296;127.2733672;0;
2011;10;123.5037186;123.1239612;122.69143;122.2499611;121.8359576;121.4793836;121.1737358;120.7902033;120.3198747;119.8184951;119.3156054;118.8542254;118.4624698;123.8117703;124.1334073;124.5212642;124.9267432;125.2752392;125.6795359;126.1457594;126.6129341;127.0152296;127.2733672;0;0;
2011;11;123.8117703;123.5037186;123.1239612;122.69143;122.2499611;121.8359576;121.4793836;121.1737358;120.7902033;120.3198747;119.8184951;119.3156054;118.8542254;124.1334073;124.5212642;124.9267432;125.2752392;125.6795359;126.1457594;126.6129341;127.0152296;127.2733672;0;0;0;
2011;12;124.1334073;123.8117703;123.5037186;123.1239612;122.69143;122.2499611;121.8359576;121.4793836;121.1737358;120.7902033;120.3198747;119.8184951;119.3156054;124.5212642;124.9267432;125.2752392;125.6795359;126.1457594;126.6129341;127.0152296;127.2733672;0;0;0;0;
2012;1;124.5212642;124.1334073;123.8117703;123.5037186;123.1239612;122.69143;122.2499611;121.8359576;121.4793836;121.1737358;120.7902033;120.3198747;119.8184951;124.9267432;125.2752392;125.6795359;126.1457594;126.6129341;127.0152296;127.2733672;0;0;0;0;0;
2012;2;124.9267432;124.5212642;124.1334073;123.8117703;123.5037186;123.1239612;122.69143;122.2499611;121.8359576;121.4793836;121.1737358;120.7902033;120.3198747;125.2752392;125.6795359;126.1457594;126.6129341;127.0152296;127.2733672;0;0;0;0;0;0;
2012;3;125.2752392;124.9267432;124.5212642;124.1334073;123.8117703;123.5037186;123.1239612;122.69143;122.2499611;121.8359576;121.4793836;121.1737358;120.7902033;125.6795359;126.1457594;126.6129341;127.0152296;127.2733672;0;0;0;0;0;0;0;
2012;4;125.6795359;125.2752392;124.9267432;124.5212642;124.1334073;123.8117703;123.5037186;123.1239612;122.69143;122.2499611;121.8359576;121.4793836;121.1737358;126.1457594;126.6129341;127.0152296;127.2733672;0;0;0;0;0;0;0;0;
2012;5;126.1457594;125.6795359;125.2752392;124.9267432;124.5212642;124.1334073;123.8117703;123.5037186;123.1239612;122.69143;122.2499611;121.8359576;121.4793836;126.6129341;127.0152296;127.2733672;0;0;0;0;0;0;0;0;0;
2012;6;126.6129341;126.1457594;125.6795359;125.2752392;124.9267432;124.5212642;124.1334073;123.8117703;123.5037186;123.1239612;122.69143;122.2499611;121.8359576;127.0152296;127.2733672;0;0;0;0;0;0;0;0;0;0;
2012;7;127.0152296;126.6129341;126.1457594;125.6795359;125.2752392;124.9267432;124.5212642;124.1334073;123.8117703;123.5037186;123.1239612;122.69143;122.2499611;127.2733672;0;0;0;0;0;0;0;0;0;0;0;
2012;8;127.2733672;127.0152296;126.6129341;126.1457594;125.6795359;125.2752392;124.9267432;124.5212642;124.1334073;123.8117703;123.5037186;123.1239612;122.69143;0;0;0;0;0;0;0;0;0;0;0;0;
2012;9;0;127.2733672;127.0152296;126.6129341;126.1457594;125.6795359;125.2752392;124.9267432;124.5212642;124.1334073;123.8117703;123.5037186;123.1239612;0;0;0;0;0;0;0;0;0;0;0;0;
