Anio;mes;X1  ;X2  ;X3  ;X4  ;X5  ;X6  ;X7  ;X8  ;X9  ;X10  ;X11  ;X12  ;X13  ;X14  ;X15  ;X16  ;X17  ;X18  ;X19  ;X20  ;X21  ;X22  ;X23  ;X24  ;X25  ;X26  ;X27  ;X28  ;X29  ;X30  ;X31  ;X32  
2000;1;101.85;127.00;120.87;121.43;108.46;101.28;89.43;109.18;174.46;80.91;93.60;100.07;101.72;113.74;133.88;102.38;116.61;86.78;132.81;90.78;115.04;131.22;101.50;107.36;89.60;99.79;104.03;111.97;102.08;104.98;86.82;80.83
2000;2;102.30;128.17;119.92;121.11;108.98;101.01;86.68;112.63;175.46;79.72;92.30;98.16;100.57;114.79;133.03;101.21;113.31;86.06;134.87;90.02;115.39;131.65;103.26;104.47;90.04;100.48;100.63;114.94;100.55;104.77;87.50;78.78
2000;3;106.77;128.12;119.50;123.34;109.66;102.33;88.28;113.13;177.15;80.33;93.75;98.74;102.08;115.12;135.30;102.07;116.43;87.63;137.04;92.03;113.26;133.08;104.57;105.43;90.78;102.15;101.44;119.09;102.54;107.13;87.86;78.40
2000;4;105.65;130.26;120.52;123.32;112.00;103.27;87.91;115.20;178.86;81.59;96.36;98.24;103.73;117.30;137.23;103.36;119.39;88.53;140.69;91.88;113.88;138.03;106.00;107.04;91.26;103.40;101.45;119.34;104.29;105.98;87.92;80.03
2000;5;106.19;129.44;124.20;126.03;114.14;107.08;91.06;115.20;182.88;82.93;97.18;101.89;105.42;119.35;140.27;104.84;123.37;90.45;141.19;94.54;117.77;139.06;107.65;110.49;92.06;106.86;102.77;120.12;103.21;108.84;90.74;81.96
2000;6;109.33;131.45;125.55;127.90;116.29;106.69;92.32;117.19;182.87;83.35;98.07;106.03;105.74;120.83;140.92;106.88;122.58;90.12;142.60;94.49;117.32;140.89;110.48;111.09;93.40;106.11;103.23;122.74;105.52;110.01;91.69;91.24
2000;7;109.63;130.34;125.63;126.91;115.46;106.29;90.75;115.52;182.52;83.06;97.74;102.67;105.72;120.48;139.16;105.43;121.81;89.16;142.78;93.93;115.72;139.22;107.53;109.70;92.58;105.92;101.10;120.49;106.00;108.71;90.50;82.62
2000;8;109.36;130.47;124.85;128.04;116.16;107.10;90.22;115.17;182.92;83.27;97.92;100.98;105.88;119.67;138.92;105.37;121.65;89.05;143.72;93.03;114.41;139.66;107.34;109.60;92.27;104.89;101.14;120.18;105.48;107.38;90.69;82.19
2000;9;110.82;131.81;125.58;128.62;116.50;106.64;91.13;117.06;183.76;84.37;98.86;102.92;106.09;120.31;139.95;107.96;122.51;89.42;144.42;94.17;117.23;140.18;108.71;110.25;92.49;105.84;102.23;121.39;106.47;107.81;90.98;83.25
2000;10;112.61;133.58;127.51;129.70;117.38;106.85;90.86;118.22;184.46;85.10;99.70;102.81;106.09;122.06;140.43;106.68;123.14;89.54;146.09;94.52;124.45;141.52;109.86;111.43;93.65;107.15;103.23;122.72;108.17;108.57;92.09;83.53
2000;11;113.05;134.74;129.07;131.72;118.06;106.95;90.63;119.63;184.91;85.92;100.40;102.07;107.48;121.84;140.70;106.20;122.90;89.09;146.85;94.60;123.60;142.00;108.75;111.86;94.00;107.79;102.68;123.27;108.44;108.16;92.04;83.26
2000;12;114.73;139.09;130.28;131.26;120.99;108.59;92.00;122.00;188.05;87.29;102.04;104.49;110.14;123.91;143.36;107.87;126.71;90.89;149.71;96.34;124.95;144.50;110.93;113.30;95.72;110.28;105.99;124.34;111.61;110.31;93.34;84.70
2001;1;121.98;142.19;137.14;140.51;126.10;116.17;101.16;127.35;198.82;94.51;108.66;114.10;114.37;131.16;151.82;115.37;134.71;96.73;155.30;104.57;133.80;149.61;116.45;123.57;101.71;114.82;116.07;128.15;118.74;118.95;100.74;89.91
2001;2;120.95;143.23;135.73;142.58;125.16;117.00;96.26;129.13;197.76;92.29;106.46;109.87;112.61;131.09;149.83;112.52;131.04;96.28;156.60;103.53;128.79;149.85;117.64;119.38;101.16;114.70;111.06;129.40;115.20;116.89;98.08;87.89
2001;3;123.42;144.23;136.01;143.96;127.39;117.34;96.96;129.48;199.20;94.14;108.09;110.06;114.50;131.78;151.30;112.95;133.15;97.42;158.75;102.09;129.86;152.00;118.89;120.44;102.33;115.99;111.94;133.07;116.16;118.22;99.90;89.05
2001;4;125.73;147.25;138.57;147.40;129.90;118.59;99.10;131.88;204.45;95.52;110.58;112.78;116.68;134.53;153.92;114.85;138.19;99.86;163.14;104.93;133.30;156.24;120.65;122.13;104.19;117.92;113.03;135.66;118.24;119.47;101.27;91.15
2001;5;123.52;146.37;139.27;148.09;130.12;119.33;98.80;134.62;202.90;96.53;110.93;112.93;116.49;133.87;152.80;115.64;140.24;100.15;161.92;106.36;132.53;156.89;120.52;122.42;103.55;117.58;112.54;134.84;117.61;120.62;101.48;91.24
2001;6;127.65;149.21;140.83;151.86;134.78;122.16;100.16;137.96;204.88;97.59;112.67;120.16;117.39;136.36;156.23;118.05;140.39;100.05;163.74;107.89;136.05;159.78;124.45;123.51;104.89;120.79;114.85;137.37;119.62;122.53;103.23;93.13
2001;7;127.08;148.47;140.78;148.97;132.40;119.38;98.71;134.15;203.87;97.81;112.19;112.64;117.15;134.65;152.89;116.43;137.92;98.68;163.09;106.76;133.50;157.69;120.94;123.27;103.57;119.50;113.89;136.05;118.82;120.66;102.00;94.06
2001;8;126.58;148.93;140.30;149.79;131.99;118.65;98.98;133.36;204.44;97.50;112.88;114.15;117.47;135.10;152.82;116.70;137.81;98.98;163.14;106.81;134.37;158.87;120.75;123.20;103.01;118.76;113.77;135.59;118.69;119.66;101.94;94.83
2001;9;128.54;149.19;141.24;149.99;133.58;118.93;99.14;135.33;205.30;98.95;113.97;115.30;118.70;135.81;153.97;117.03;139.42;100.60;164.87;107.23;124.60;159.53;122.08;124.75;103.72;119.53;112.45;137.15;120.71;120.09;102.63;96.31
2001;10;128.38;150.95;142.24;150.02;134.59;121.11;99.45;136.76;205.60;100.27;114.29;115.16;120.10;136.67;155.25;117.48;139.71;101.36;166.26;108.30;142.95;161.52;123.73;124.74;104.31;120.32;111.86;138.40;122.57;120.83;103.47;96.40
2001;11;129.02;151.63;142.98;150.38;134.21;121.11;99.61;136.29;205.48;100.35;115.37;113.91;119.07;136.95;155.15;117.70;139.21;101.06;166.24;108.61;141.96;161.59;122.10;124.83;104.42;119.68;110.47;138.15;122.61;120.92;103.20;95.54
2001;12;131.67;155.44;144.61;151.18;135.82;123.75;101.13;139.05;207.95;101.46;117.07;116.54;121.53;138.43;158.56;118.99;143.83;102.97;168.61;110.44;141.42;163.68;124.30;125.77;106.22;122.31;112.47;139.76;124.89;124.07;104.90;96.43
2002;1;138.24;157.91;149.28;160.95;141.09;127.09;108.89;141.23;216.98;106.51;123.24;124.95;126.71;143.91;165.46;126.67;150.53;108.78;173.44;119.39;151.21;168.68;127.58;135.44;112.25;126.67;122.35;143.45;133.40;130.30;110.73;101.31
2002;2;138.59;159.10;149.03;162.22;141.67;128.24;108.47;142.48;217.89;106.41;123.81;125.84;127.34;144.19;166.68;126.63;151.42;108.73;174.62;119.44;152.47;169.06;127.07;136.53;113.27;127.29;121.15;144.49;132.96;129.93;110.70;100.91
2002;3;136.77;158.36;148.95;160.00;138.60;129.63;105.32;144.54;216.74;104.29;121.51;121.85;126.01;143.15;165.36;123.74;146.55;108.62;175.39;116.19;145.78;169.77;128.82;132.10;112.44;126.14;118.81;145.31;129.00;129.57;108.94;99.04
2002;4;136.43;157.38;147.53;159.48;137.84;128.83;105.12;143.67;216.48;103.43;121.14;121.42;126.21;143.21;164.08;123.36;148.83;108.32;174.78;116.02;144.52;169.48;127.89;130.98;113.06;125.09;119.28;144.62;127.95;128.52;108.63;99.03
2002;5;138.34;158.92;149.30;161.64;140.90;131.40;108.13;145.06;218.85;105.72;123.67;124.33;127.50;145.15;165.37;127.34;152.35;111.06;177.08;119.27;146.93;172.92;129.79;133.61;114.76;126.68;121.72;146.60;130.08;130.90;110.85;100.12
2002;6;139.63;158.52;149.25;161.43;141.00;131.74;108.70;145.24;218.98;105.42;123.82;124.39;127.59;145.20;165.30;127.77;152.91;110.40;177.50;119.44;146.96;173.29;129.28;133.18;114.58;126.55;122.52;146.34;130.13;131.06;110.86;100.24
2002;7;142.52;159.22;150.44;161.97;142.43;131.85;108.33;147.18;219.34;105.76;124.03;125.33;127.10;145.81;166.14;127.71;155.43;110.16;177.45;117.81;145.94;173.01;130.18;134.97;114.34;128.26;123.98;146.42;130.85;130.23;111.11;101.35
2002;8;141.68;158.61;150.22;160.98;142.12;132.69;109.00;146.67;219.13;105.57;124.01;125.35;126.83;145.72;166.17;128.00;152.05;110.87;177.51;117.85;145.55;173.05;129.73;135.12;114.32;128.32;124.31;146.23;131.40;129.85;110.98;101.17
2002;9;140.00;160.26;151.49;161.47;141.48;132.21;109.01;145.20;218.94;106.92;124.51;124.16;127.48;145.25;166.15;128.24;154.70;111.31;178.06;118.72;145.42;172.69;131.03;134.55;114.52;128.12;124.08;146.26;132.19;129.19;110.93;101.68
2002;10;139.42;159.77;150.03;159.73;140.77;132.84;108.04;144.58;217.64;106.11;124.07;123.90;128.30;144.62;165.09;127.75;153.56;111.57;177.11;119.17;144.92;171.62;130.27;134.35;114.02;127.64;123.40;145.96;130.68;128.82;110.15;101.73
2002;11;140.17;162.24;151.20;162.36;142.92;134.73;108.59;146.33;218.47;108.04;125.71;123.34;130.32;145.78;166.54;128.19;153.99;111.73;178.47;119.86;150.32;173.43;130.18;135.39;114.47;128.54;123.98;148.00;132.25;130.34;112.05;103.03
2002;12;140.55;163.62;152.48;163.23;144.20;134.02;108.74;147.11;219.29;109.24;126.32;122.68;130.96;146.59;167.28;130.80;153.83;111.85;179.73;119.82;150.96;174.59;129.36;135.85;114.60;129.34;123.68;148.59;132.92;130.07;112.50;102.96
2003;1;143.80;166.24;157.30;172.07;147.03;137.34;114.75;149.83;227.55;113.10;132.08;131.05;134.92;151.70;173.68;134.13;161.28;117.07;183.70;128.16;154.23;178.34;132.49;142.44;120.03;132.89;130.74;150.76;140.00;136.15;117.50;106.37
2003;2;145.67;167.35;157.93;172.31;148.54;138.57;114.99;151.65;229.10;113.69;133.84;132.71;135.51;152.76;175.03;134.49;162.99;117.81;185.64;128.83;155.84;179.91;132.64;143.55;120.69;133.81;131.56;152.58;140.66;136.32;118.05;107.02
2003;3;145.63;166.78;156.97;170.24;149.16;142.00;113.48;152.91;229.55;111.15;133.05;129.46;133.17;151.80;173.80;133.98;158.38;117.88;185.23;126.56;153.09;182.29;134.66;141.50;120.51;132.88;129.58;154.74;138.33;135.46;116.96;105.59
2003;4;145.43;166.66;157.02;170.89;150.05;141.64;113.30;153.67;230.11;111.77;134.08;129.68;133.56;152.52;173.91;133.75;159.60;118.15;185.88;127.11;153.11;182.80;133.45;141.83;121.02;132.80;130.00;155.27;139.15;135.57;117.10;106.51
2003;5;146.55;167.98;158.79;172.64;151.96;142.70;115.71;155.28;232.35;113.08;136.55;132.62;135.50;155.26;174.65;136.41;164.51;120.66;189.49;129.62;154.11;185.13;133.72;142.95;122.09;135.30;132.80;155.33;139.86;138.57;119.10;107.38
2003;6;147.59;167.57;158.90;172.72;152.46;143.43;115.95;155.60;232.91;113.47;137.47;133.17;136.52;158.95;174.67;136.73;164.64;120.19;190.06;129.41;154.47;185.67;133.53;143.03;121.96;134.67;131.87;155.61;139.13;139.23;118.59;107.21
2003;7;152.02;168.00;160.83;176.15;154.29;145.55;115.23;156.51;232.81;115.27;139.07;134.85;137.51;160.04;177.80;137.23;163.79;122.20;189.87;130.05;157.26;187.14;136.59;145.37;122.58;136.73;134.84;157.07;144.03;139.63;120.82;109.40
2003;8;152.66;167.35;160.86;173.82;154.67;145.32;115.46;155.52;233.04;115.90;139.40;135.13;138.98;160.22;177.89;137.85;164.24;122.54;191.11;130.29;156.54;187.78;135.71;145.27;122.86;136.37;135.64;157.13;144.36;140.19;121.14;109.87
2003;9;151.58;168.05;160.47;175.79;154.20;142.87;114.76;153.56;232.68;116.27;138.22;133.38;137.23;158.71;174.63;137.89;161.15;121.77;190.29;129.81;154.15;186.85;134.56;143.76;122.00;134.82;134.81;156.74;140.07;138.21;119.06;110.28
2003;10;150.58;166.82;159.03;175.61;154.28;142.12;114.69;152.33;231.60;116.66;138.01;133.55;136.84;157.94;173.81;138.28;160.45;121.77;189.65;129.34;153.53;186.33;135.19;143.39;121.67;134.32;134.92;156.37;139.93;137.77;118.74;113.67
2003;11;151.68;170.95;161.71;181.17;155.60;142.27;116.44;154.66;231.88;117.25;139.71;133.33;139.23;158.98;174.90;138.42;162.29;124.95;191.40;132.12;157.65;188.58;136.10;145.19;122.65;135.80;136.09;159.24;143.48;139.79;119.79;114.69
2003;12;151.76;172.52;162.28;182.39;156.09;143.17;116.34;155.63;231.89;117.69;139.94;132.20;141.15;158.23;175.32;138.56;162.59;125.27;192.12;131.86;158.15;189.44;135.59;145.96;122.88;136.36;135.72;159.45;144.28;139.82;120.27;114.95
2004;1;156.97;180.53;167.14;189.49;163.23;145.54;121.53;160.53;245.57;125.73;145.26;140.33;144.48;165.00;185.57;148.79;169.91;136.10;200.11;135.57;164.39;195.86;139.68;153.02;130.23;142.44;143.68;164.04;152.66;145.88;124.27;118.90
2004;2;156.28;179.45;166.67;190.15;163.13;146.27;121.17;161.21;245.06;125.43;145.53;140.11;144.23;165.01;185.14;148.27;170.13;136.02;200.43;135.00;164.80;195.38;138.79;152.90;130.35;141.84;143.85;163.40;151.84;145.92;124.50;120.37
2004;3;155.66;178.43;165.39;186.66;161.90;146.49;119.28;162.59;243.16;123.47;144.23;137.95;142.20;164.29;183.64;146.42;167.47;137.08;199.04;133.56;160.43;195.68;141.20;150.39;130.29;141.39;142.42;165.53;148.47;144.57;123.80;119.47
2004;4;155.43;177.76;164.44;185.46;161.91;146.61;118.90;162.45;244.09;123.35;144.70;137.57;141.71;164.33;183.43;146.35;169.05;137.83;199.79;134.06;160.53;195.80;141.38;150.31;130.32;141.50;143.25;165.33;147.74;144.80;123.80;120.13
2004;5;157.60;179.32;168.02;189.33;165.27;149.40;121.81;165.16;247.98;126.35;148.10;142.01;144.30;167.92;185.92;149.70;172.83;142.76;204.27;136.68;163.87;198.50;144.69;152.35;133.39;145.05;146.40;168.19;149.72;148.23;127.12;124.08
2004;6;157.09;178.47;168.25;189.61;165.06;149.01;120.85;165.10;247.37;125.56;148.02;141.25;145.01;167.57;185.34;150.02;172.75;142.24;203.71;138.68;163.24;198.70;143.54;152.20;132.86;143.77;145.63;167.49;148.47;147.91;126.99;125.41
2004;7;159.52;181.68;170.80;195.06;167.24;151.16;122.40;166.33;250.22;126.51;149.22;142.71;148.07;168.88;187.88;150.23;173.12;144.18;204.26;138.80;164.55;200.63;146.34;153.47;133.27;146.17;146.96;168.75;150.21;149.09;129.64;129.21
2004;8;158.72;181.05;169.62;193.80;166.98;150.67;121.91;165.67;249.20;126.13;148.41;142.65;148.27;168.54;187.42;150.14;173.76;143.07;204.38;138.69;164.40;200.28;145.91;152.77;132.76;145.86;146.17;167.84;148.86;148.51;129.36;131.21
2004;9;158.23;181.28;169.38;193.23;166.70;149.64;121.07;163.25;246.00;127.19;147.59;141.58;147.14;167.74;185.08;149.87;171.93;142.88;203.52;138.60;163.58;199.32;145.76;152.75;132.42;144.33;146.37;167.62;148.11;146.72;128.12;132.03
2004;10;157.45;180.83;168.58;192.57;166.09;149.91;121.08;162.68;245.33;126.75;147.22;141.39;145.37;167.12;183.61;149.42;171.29;142.28;202.91;138.38;163.63;198.50;145.29;152.24;132.15;143.49;146.23;166.93;146.70;146.36;127.56;131.86
2004;11;157.50;182.84;169.80;194.06;167.51;150.45;121.67;164.79;245.22;127.36;148.77;142.08;145.58;168.36;184.72;147.57;172.55;143.95;204.06;138.57;169.12;199.39;145.64;153.26;133.53;144.90;147.07;168.96;148.86;148.77;128.63;133.10
2004;12;157.22;184.08;169.35;192.43;167.22;150.14;121.26;165.10;244.97;126.87;149.04;141.10;145.55;168.08;184.68;148.48;172.35;142.45;204.31;139.14;169.85;199.88;144.72;153.10;132.74;145.17;146.30;168.99;148.89;147.98;128.53;132.83
2005;1;167.66;191.58;175.20;202.66;172.31;156.06;128.81;169.21;259.12;135.14;156.73;153.06;153.57;175.33;196.07;159.13;183.17;147.75;212.59;144.99;177.12;207.71;151.64;162.17;139.40;151.59;156.69;174.08;158.24;156.81;134.77;137.58
2005;2;167.53;190.64;174.93;199.85;172.04;156.33;127.90;169.14;258.34;134.96;156.68;152.50;152.14;174.91;195.35;157.88;183.32;146.81;212.76;143.48;177.32;209.00;150.02;162.01;138.85;150.21;155.36;173.67;156.71;156.12;134.77;137.97
2005;3;166.34;189.74;176.51;194.40;171.58;157.46;126.78;171.77;257.35;131.89;154.45;149.57;151.07;175.53;194.01;154.98;179.86;149.06;213.01;144.01;174.30;211.09;152.80;160.23;139.88;151.28;154.93;177.05;156.90;155.74;134.81;138.27
2005;4;166.45;189.03;176.46;193.89;171.64;157.80;126.52;171.54;257.14;130.67;154.12;150.63;151.08;175.88;193.43;155.67;181.03;149.06;213.22;143.64;173.95;211.03;152.19;160.59;140.52;151.47;156.10;176.70;156.08;155.56;134.81;139.06
2005;5;167.31;191.59;179.07;198.98;176.05;160.03;129.33;173.75;260.10;132.37;157.54;152.49;153.64;177.30;195.89;161.46;188.07;152.48;215.99;145.76;178.44;213.20;153.96;162.75;142.51;155.11;157.54;178.93;157.11;157.38;137.27;141.37
2005;6;166.66;191.20;178.66;198.49;176.28;161.56;129.10;173.06;259.53;131.82;156.88;152.55;153.33;176.81;194.05;161.47;187.95;152.16;215.70;148.02;178.30;212.90;153.95;162.29;142.42;154.58;157.01;178.48;156.03;156.54;137.73;143.51
2005;7;169.84;192.95;180.54;201.94;176.72;163.52;130.97;175.21;261.40;134.66;157.40;154.55;154.36;178.91;194.63;168.76;188.05;156.03;217.57;149.36;182.11;212.28;158.50;164.18;144.15;157.50;159.88;179.77;158.66;158.14;141.22;145.29
2005;8;169.72;192.47;180.45;201.44;176.57;163.92;130.73;174.27;258.70;134.89;157.42;154.72;155.10;179.00;194.39;168.82;187.59;155.56;217.40;149.89;181.96;213.50;158.80;163.70;144.04;157.45;159.96;178.58;158.55;157.83;142.03;145.79
2005;9;168.23;192.81;180.58;201.26;175.51;161.47;127.96;171.87;256.91;134.59;157.25;152.92;155.04;178.03;192.66;164.01;184.38;153.51;215.38;148.26;176.53;213.33;158.74;162.49;141.52;155.38;158.95;179.27;156.60;155.61;141.41;145.71
2005;10;168.05;191.77;179.84;199.24;175.05;160.67;127.53;170.95;256.33;133.92;156.98;152.79;154.40;177.32;191.74;162.47;183.00;152.76;214.59;147.80;176.41;212.42;157.93;161.70;140.61;154.22;158.45;178.18;156.33;155.57;140.60;145.66
2005;11;168.43;194.63;180.11;200.74;178.16;160.80;129.22;173.56;258.09;134.14;158.41;152.57;154.90;177.34;192.10;160.96;182.68;155.05;215.20;147.17;181.12;212.81;159.01;162.33;140.78;157.34;159.45;179.81;155.44;157.08;140.60;146.67
2005;12;168.28;195.55;178.94;200.33;178.01;159.10;128.72;173.92;257.60;134.53;158.11;152.06;154.15;176.59;191.68;159.60;181.53;152.90;215.07;144.75;181.10;213.21;157.60;161.47;139.85;157.31;159.21;179.05;155.00;154.78;140.16;146.64
2006;1;177.89;202.95;186.29;213.14;183.44;163.33;137.28;178.39;272.77;142.65;165.55;162.19;162.56;184.12;201.94;167.75;193.40;158.13;224.30;153.36;188.24;221.40;167.35;170.42;145.55;162.36;169.27;184.60;164.47;161.59;146.52;151.68
2006;2;178.69;202.10;185.88;211.13;183.79;164.11;136.82;178.46;272.66;142.58;165.61;162.31;163.09;184.10;201.75;167.20;193.78;156.97;224.13;153.74;187.96;221.98;164.90;169.92;145.25;161.01;167.49;184.49;164.88;160.20;146.81;151.34
2006;3;175.70;200.22;185.38;207.59;182.11;165.38;135.25;179.81;271.95;139.39;163.85;159.41;160.71;183.80;200.33;164.78;189.21;158.33;225.06;151.17;182.49;222.50;164.51;167.85;145.83;161.52;166.29;187.39;162.37;160.51;145.19;150.37
2006;4;175.29;199.85;182.33;208.29;181.75;164.93;134.93;179.70;271.86;138.75;164.00;158.81;160.98;183.55;199.76;165.09;188.54;157.78;225.17;151.14;182.14;220.28;163.59;168.36;146.59;161.99;166.30;187.48;161.67;161.22;144.73;150.26
2006;5;176.53;203.05;182.79;211.83;184.30;166.71;139.08;181.64;274.67;140.08;169.13;162.62;163.61;186.63;203.63;166.63;199.72;161.31;227.08;154.27;184.31;225.98;166.19;170.99;148.58;165.25;167.71;188.79;164.11;165.18;146.33;150.59
2006;6;175.35;202.72;182.48;213.17;183.37;167.76;137.02;181.28;273.08;138.95;168.16;162.12;163.19;185.97;202.48;165.91;200.55;161.68;226.57;154.96;184.41;224.88;165.70;171.99;149.16;164.86;167.63;188.38;163.00;166.77;145.94;149.85
2006;7;180.08;205.73;186.14;219.24;186.25;172.18;138.40;184.93;273.31;141.80;167.68;163.92;165.58;188.07;203.20;166.80;195.23;166.03;228.52;156.91;189.32;225.19;169.81;173.60;152.01;166.88;170.62;190.34;168.74;171.00;148.16;177.53
2006;8;179.62;205.23;187.15;216.86;185.86;171.33;137.01;184.46;272.28;141.58;167.33;163.40;164.58;187.60;202.38;166.81;194.53;163.21;228.15;156.60;188.25;224.60;168.48;173.46;151.35;166.63;169.80;188.84;167.46;169.96;147.81;177.02
2006;9;176.87;206.45;189.14;215.12;183.65;169.79;137.68;182.10;272.36;140.96;166.32;162.24;164.82;186.31;200.18;167.02;192.86;161.88;227.20;156.34;184.54;225.06;167.45;173.28;149.98;166.05;168.02;188.75;163.36;167.76;146.08;153.80
2006;10;175.59;205.39;187.94;214.95;183.23;168.73;138.27;181.77;270.37;140.31;165.56;159.86;164.78;185.46;199.08;166.44;192.36;160.63;226.60;156.60;183.63;223.73;167.19;172.52;149.49;164.55;165.72;187.55;162.64;166.26;145.96;153.58
2006;11;177.06;208.37;190.47;217.99;184.45;167.93;138.83;183.30;270.87;141.05;166.82;159.53;166.15;186.33;199.92;168.66;192.34;159.81;227.75;155.49;188.57;225.18;167.20;173.21;150.11;165.88;167.14;188.91;164.22;168.31;146.60;154.90
2006;12;176.58;209.52;189.63;216.80;184.51;167.32;138.44;183.66;269.99;141.18;166.86;158.44;165.10;185.93;199.85;168.09;192.20;157.33;227.62;155.43;188.05;225.76;165.90;173.08;149.32;165.84;166.88;188.56;165.14;167.35;146.63;155.22
2007;1;186.68;217.78;198.58;229.52;193.16;174.38;151.00;190.15;288.73;150.75;175.76;172.71;174.22;194.90;212.21;175.75;205.46;165.16;237.35;167.46;195.69;235.18;173.97;184.00;156.19;172.74;180.36;194.20;174.69;177.50;153.28;160.87
2007;2;185.87;216.50;198.47;228.80;192.81;174.53;150.93;189.92;286.99;150.90;175.43;170.90;174.53;194.70;211.91;174.72;204.45;163.76;236.90;166.95;195.10;234.43;172.16;183.64;155.71;171.12;180.06;193.00;173.74;177.15;153.55;160.07
2007;3;182.76;214.45;196.81;227.41;190.03;175.39;147.06;190.96;285.18;147.81;172.54;167.54;171.61;193.67;210.62;172.57;200.99;163.46;236.96;163.41;191.68;234.88;174.86;181.57;155.91;170.58;179.50;196.57;171.26;176.38;152.49;159.19
2007;4;182.62;214.04;196.39;226.95;190.02;175.10;145.91;191.51;285.74;148.11;172.14;168.09;170.88;193.97;211.18;173.22;201.53;161.76;237.40;163.45;191.61;234.74;174.18;181.58;156.20;170.71;178.48;197.05;170.63;175.03;152.24;159.40
2007;5;184.38;217.41;199.02;230.01;193.51;176.81;149.51;193.02;288.04;149.33;176.99;172.29;173.24;195.74;213.88;174.09;211.44;164.68;240.86;164.76;194.66;237.55;176.24;180.91;158.74;173.44;179.71;196.85;173.33;176.41;153.25;160.33
2007;6;183.81;216.88;198.26;228.28;192.87;175.77;147.90;192.50;287.21;148.77;176.37;172.03;172.51;195.31;213.00;173.88;211.31;163.34;240.55;164.14;193.56;236.56;175.54;179.98;158.89;173.06;178.41;196.16;173.03;175.36;152.69;160.34
2007;7;187.15;218.85;201.69;231.86;195.63;180.10;148.01;195.87;286.56;150.92;176.37;173.28;174.64;197.97;215.76;176.79;205.40;165.53;242.24;165.11;199.13;236.73;178.95;183.21;161.73;177.28;182.02;197.59;176.27;177.57;155.23;162.71
2007;8;186.78;217.52;199.35;230.12;195.31;179.36;147.45;194.96;285.70;151.13;175.59;173.48;174.79;197.42;214.75;176.58;204.71;163.99;241.97;164.98;199.03;236.59;178.12;183.29;160.76;176.53;180.75;196.38;175.33;176.51;154.87;161.79
2007;9;183.89;217.26;200.55;227.68;192.73;175.38;146.33;191.58;284.76;151.19;173.97;172.08;175.08;195.65;213.16;174.49;202.32;165.12;240.30;164.29;193.24;236.47;176.75;182.25;158.96;174.71;180.62;196.42;171.61;174.51;153.21;161.92
2007;10;183.23;216.12;197.91;226.28;192.13;175.49;145.58;191.45;283.47;150.50;173.26;170.73;174.27;194.22;211.63;173.73;201.16;163.13;239.87;163.61;192.55;235.42;175.96;180.80;157.67;172.70;178.83;195.24;170.08;173.71;152.31;161.90
2007;11;183.44;218.84;200.16;227.31;193.34;175.14;159.29;193.40;283.80;151.02;173.78;169.60;175.86;195.08;211.30;174.23;201.12;163.33;240.90;163.26;196.46;237.55;175.94;180.90;157.42;175.04;180.96;197.82;172.30;175.13;152.20;162.61
2007;12;183.95;220.02;200.92;226.16;193.93;174.69;150.24;194.35;283.83;151.21;173.94;168.96;176.02;195.45;211.30;174.15;201.34;162.16;240.71;163.75;196.53;238.38;175.36;181.00;154.19;175.20;179.58;197.75;173.30;175.22;152.39;163.33
2008;1;194.29;227.39;208.91;240.94;201.47;180.11;158.37;198.65;298.97;160.11;182.97;180.59;183.09;203.75;224.09;182.93;211.67;170.10;250.37;174.05;205.02;248.10;181.82;191.19;160.74;182.33;193.42;203.23;185.28;183.93;159.58;167.68
2008;2;195.31;226.28;207.77;241.65;201.67;183.14;159.20;199.10;299.20;159.81;182.99;180.48;183.18;203.83;224.31;182.47;211.46;169.34;250.25;173.70;204.96;247.94;180.02;191.35;161.18;181.69;191.85;202.84;184.21;183.86;160.10;167.64
2008;3;191.82;226.06;208.87;238.40;200.85;184.54;159.07;201.88;299.54;157.94;181.12;178.66;181.82;204.95;223.58;182.02;210.36;171.74;252.08;171.72;199.63;249.15;183.12;190.51;161.42;181.47;192.51;206.57;185.17;184.71;160.32;168.09
2008;4;192.07;225.89;208.32;239.30;200.76;184.68;158.02;202.07;299.29;157.43;180.99;179.35;181.57;204.81;222.78;181.19;210.22;171.39;251.81;172.92;198.76;249.24;182.65;190.26;162.83;180.56;190.51;206.59;183.52;184.43;160.67;167.84
2008;5;193.75;227.41;210.25;242.67;204.68;186.35;160.60;204.09;301.42;159.11;185.11;181.93;183.65;206.28;226.01;182.51;218.53;172.80;255.51;174.18;201.16;252.24;183.64;190.91;165.25;183.34;191.82;208.31;186.62;185.88;162.00;170.74
2008;6;193.42;226.13;209.78;241.03;205.24;186.18;157.56;204.19;300.91;159.03;184.22;182.30;183.28;205.54;225.44;184.22;218.92;170.98;254.15;173.98;200.53;251.48;181.89;190.05;166.48;183.36;191.26;207.71;185.03;185.51;161.77;170.65
2008;7;196.88;228.80;213.37;243.92;206.92;191.46;159.40;207.49;302.89;161.63;186.17;187.46;184.89;207.75;226.43;190.66;213.71;174.62;256.08;175.22;203.30;252.70;186.01;192.88;169.65;188.51;193.88;209.07;186.91;188.12;165.64;171.40
2008;8;196.57;227.45;213.64;243.87;206.30;191.33;159.02;207.71;301.61;161.81;185.53;187.37;186.48;207.21;225.67;191.10;213.45;173.55;255.56;175.06;203.30;252.30;185.20;193.26;169.69;188.16;193.32;207.72;182.40;187.56;165.38;171.36
2008;9;193.92;225.25;212.16;246.73;206.28;187.71;156.82;204.87;300.58;160.86;182.23;184.13;185.31;205.35;224.00;188.57;211.10;173.44;254.42;173.62;200.05;250.87;183.52;191.99;167.89;185.06;192.52;208.09;180.59;185.43;161.73;171.68
2008;10;193.34;225.09;207.06;244.92;205.85;187.71;156.62;204.91;299.23;160.36;181.59;184.27;184.69;204.75;223.17;187.58;211.65;171.45;253.96;173.07;199.65;250.35;182.40;191.26;166.24;183.82;192.29;207.56;179.64;184.79;161.29;171.46
2008;11;195.26;229.10;208.37;248.60;206.05;187.06;158.28;207.81;298.30;161.68;182.59;184.94;185.21;205.55;223.13;186.58;211.50;171.75;253.81;173.24;205.29;251.19;182.07;191.66;165.52;185.15;193.48;208.81;180.18;187.35;161.79;172.37
2008;12;194.54;231.33;207.41;249.32;207.37;187.42;169.24;209.13;297.81;161.91;182.61;183.96;184.87;205.20;223.01;186.35;210.84;170.13;254.45;173.59;205.54;252.69;180.02;191.80;163.22;185.26;193.00;209.01;180.66;187.09;161.81;172.20
2009;1;203.94;239.42;217.63;265.61;215.76;194.15;173.93;213.62;314.23;172.09;192.17;195.95;194.50;212.96;236.89;196.11;223.37;177.20;265.36;185.33;212.66;265.10;186.96;201.28;169.88;192.84;205.41;212.80;191.46;197.05;169.36;177.19
2009;2;204.07;239.41;217.31;265.86;215.99;194.66;167.45;215.04;314.46;171.83;192.73;195.62;193.91;213.48;237.36;195.99;223.80;176.17;266.25;184.69;212.74;265.69;185.78;201.99;169.13;191.67;206.14;215.24;191.45;196.93;169.59;178.10
2009;3;197.69;234.84;214.51;262.20;209.83;194.37;165.59;215.09;311.88;167.88;188.84;191.66;189.81;211.70;233.07;192.17;219.11;176.69;263.61;181.81;205.19;262.84;186.97;199.16;168.24;188.15;205.39;215.69;188.03;195.61;166.81;177.46
2009;4;195.46;234.53;213.29;261.33;209.86;194.84;165.19;215.17;311.96;167.01;188.96;190.07;189.59;211.56;232.70;192.42;219.09;177.17;263.57;182.10;206.11;262.84;186.12;199.25;169.35;188.44;204.14;215.24;188.80;196.02;166.19;178.42
2009;5;197.51;235.06;215.90;262.47;212.42;196.37;167.55;216.89;315.39;167.52;194.26;194.73;193.39;213.84;234.24;196.01;228.04;179.35;264.80;185.27;209.13;266.17;189.20;201.54;171.92;192.24;205.33;217.41;192.68;198.49;169.16;179.63
2009;6;197.43;236.22;214.66;260.24;211.80;195.80;169.86;215.88;314.42;166.85;193.01;194.61;192.83;213.12;233.25;196.49;227.48;177.32;263.88;184.93;208.11;265.22;188.10;200.81;173.51;192.42;205.40;217.45;191.84;197.90;169.14;179.28
2009;7;200.72;237.06;214.16;264.58;216.44;201.92;168.43;217.72;313.71;169.62;191.70;195.78;192.69;213.95;235.33;200.10;222.97;177.93;268.21;185.77;209.90;265.91;188.95;201.77;174.99;195.13;206.69;218.70;195.81;200.71;170.74;180.55
2009;8;200.38;235.95;214.03;263.82;215.48;200.97;168.23;216.50;312.53;169.20;191.66;194.73;191.68;213.47;233.91;200.62;222.57;177.02;266.99;185.45;210.42;265.05;188.54;201.49;174.18;193.68;206.53;216.82;194.63;200.33;169.88;180.53
2009;9;200.38;234.88;214.91;261.40;212.86;195.19;167.41;213.50;312.15;167.46;189.95;193.21;190.62;212.94;232.43;196.48;221.64;177.16;262.89;185.64;209.53;263.03;188.31;200.80;171.83;190.78;205.14;217.83;188.72;198.95;168.54;181.70
2009;10;198.86;233.43;213.35;259.35;211.23;194.75;166.59;212.15;307.64;165.81;188.63;192.18;189.21;211.65;230.83;195.77;220.61;175.54;261.81;184.21;208.61;261.07;187.01;199.51;170.32;189.10;203.70;215.85;186.74;197.76;167.89;181.97
2009;11;197.44;234.84;212.58;261.81;213.11;203.88;169.62;213.96;304.32;165.76;189.49;190.19;188.06;211.42;230.16;197.87;220.83;175.16;262.35;183.77;212.73;262.16;186.85;200.13;169.33;190.05;202.96;218.03;186.94;199.47;167.57;184.33
2009;12;197.31;235.67;212.80;261.57;212.84;194.34;169.73;213.09;303.37;165.36;189.04;188.23;187.69;210.67;229.57;197.28;219.92;174.65;262.31;183.66;212.40;262.18;184.56;199.51;166.77;189.64;202.58;217.92;187.30;198.38;167.24;184.29
2010;1;209.69;245.02;222.34;274.20;223.51;201.62;178.59;218.80;322.29;177.04;199.87;202.48;200.26;220.95;243.61;208.06;233.04;183.94;273.70;197.25;221.96;273.59;192.40;208.86;172.63;197.32;215.26;225.29;199.68;210.73;175.38;190.59
2010;2;208.92;242.58;222.00;272.50;223.18;203.01;178.33;218.06;321.78;177.08;199.83;201.66;199.45;221.11;242.91;207.53;233.30;183.18;272.46;197.01;221.79;272.56;190.83;208.95;172.80;195.49;214.22;224.24;199.16;210.37;174.97;190.56
2010;3;203.11;239.43;220.59;272.79;219.23;201.74;177.28;219.24;318.95;171.94;195.84;196.80;193.74;219.03;239.36;203.40;228.66;182.20;270.65;191.04;216.82;270.10;192.29;205.91;171.77;193.77;212.66;225.10;194.12;209.10;172.80;189.18
2010;4;203.11;239.32;220.38;272.72;218.70;200.90;175.84;218.02;318.87;172.11;195.27;196.24;193.65;218.90;238.52;202.61;229.21;182.71;269.84;191.63;216.78;270.29;192.20;205.73;172.40;193.89;212.21;224.21;193.80;208.09;172.32;189.07
2010;5;206.91;241.86;222.06;283.74;221.70;203.89;182.83;219.92;322.07;175.56;200.56;200.50;197.27;221.84;241.51;204.59;239.56;185.68;274.18;195.20;220.47;273.55;193.93;209.88;177.08;198.19;216.13;226.82;196.73;212.15;175.69;192.85
2010;6;206.54;240.83;221.00;281.76;220.61;203.18;180.76;219.08;321.11;175.11;199.38;200.62;196.65;221.23;240.21;204.24;239.23;184.29;273.45;195.08;219.65;272.46;193.23;208.82;178.56;197.62;213.45;225.16;195.17;210.26;175.40;194.05
2010;7;209.71;242.46;224.18;282.42;224.48;209.19;184.16;222.27;322.23;177.94;199.40;208.13;199.03;223.06;243.25;209.92;234.60;186.02;273.56;195.88;226.43;273.58;197.73;210.42;181.54;202.67;215.97;225.75;200.31;213.55;177.36;196.02
2010;8;208.45;241.61;223.50;281.57;223.53;208.15;183.23;221.49;321.35;177.39;199.06;207.04;198.08;222.15;242.14;209.98;234.10;185.50;272.38;195.78;225.69;272.94;197.06;210.30;180.92;202.50;213.84;224.24;198.55;211.78;176.71;195.36
2010;9;204.45;239.69;219.81;282.02;221.31;202.90;181.72;217.95;319.07;174.89;196.87;198.14;197.31;219.87;239.00;205.27;231.64;183.35;271.07;194.71;222.07;272.19;194.57;208.83;177.50;197.90;212.23;223.94;194.04;207.99;173.79;192.74
2010;10;203.13;238.91;217.68;280.32;219.50;201.89;181.96;218.35;317.87;173.08;195.69;197.00;196.74;219.13;237.73;204.60;230.44;182.69;269.98;194.09;221.33;270.54;193.62;208.22;176.45;196.51;209.96;222.94;191.35;207.37;173.19;192.42
2010;11;202.23;240.29;217.91;282.48;220.76;202.94;189.16;219.48;317.87;174.20;195.96;198.89;196.91;219.56;237.69;204.26;231.40;183.05;270.72;196.60;226.44;270.71;192.86;209.61;175.83;197.48;207.31;223.75;193.76;208.35;173.63;194.01
2010;12;201.97;241.53;219.22;283.25;221.15;201.78;183.51;219.41;317.29;174.06;195.28;196.88;197.84;219.06;237.26;203.82;230.67;182.47;271.26;195.92;225.26;271.23;190.36;209.37;174.51;196.89;206.28;224.02;194.06;206.65;173.11;193.56
2011;1;212.90;249.21;228.76;296.70;231.27;210.30;192.34;225.19;334.89;184.85;205.30;208.93;209.70;229.19;253.39;214.51;244.94;192.13;281.53;209.04;235.70;282.54;199.04;219.98;179.91;204.19;218.57;230.93;203.89;217.20;181.38;202.06
2011;2;212.42;247.66;227.52;294.97;231.11;211.93;191.55;225.22;334.93;184.63;205.39;208.19;209.54;228.89;252.54;214.73;244.90;191.53;281.31;209.00;235.38;281.54;197.73;220.12;180.14;203.67;217.74;230.61;205.68;216.74;181.52;202.39
2011;3;210.57;246.23;227.91;293.76;227.01;211.31;190.99;227.76;335.09;180.55;202.75;206.25;208.27;228.87;249.05;213.23;241.00;191.47;283.25;202.95;229.57;280.87;199.11;219.38;181.68;203.03;216.92;232.91;202.83;216.44;180.96;199.89
2011;4;211.96;246.52;226.29;294.29;226.78;210.67;191.86;227.47;334.71;180.70;202.86;204.61;208.01;228.57;248.56;212.65;241.12;191.26;282.74;202.18;229.87;280.62;197.66;219.29;182.05;202.82;216.52;233.20;199.75;215.61;180.80;200.58
2011;5;213.15;246.83;228.31;302.15;232.60;213.30;195.72;228.03;336.88;183.24;207.83;207.88;210.26;230.14;252.07;211.43;248.12;193.19;283.78;205.42;230.56;285.13;199.84;222.61;183.77;205.56;217.39;235.55;203.60;217.33;183.04;201.97
2011;6;213.58;245.95;228.24;300.27;232.52;211.99;193.05;228.06;336.14;183.54;206.82;209.85;209.62;229.95;251.16;210.81;247.47;191.72;283.02;205.12;229.42;283.79;198.85;221.83;185.90;205.70;215.31;234.65;201.24;216.11;182.37;202.57
2011;7;218.25;246.53;231.00;300.04;233.25;220.31;196.38;229.10;338.51;187.38;207.14;219.62;213.38;231.35;253.88;217.89;244.91;193.39;285.99;206.61;232.67;284.03;202.81;223.75;188.58;210.33;218.89;234.83;205.97;218.36;184.84;215.03
2011;8;217.32;246.25;231.06;298.11;232.95;219.25;194.56;228.30;337.46;186.41;206.94;217.70;212.40;230.90;252.34;217.27;244.67;193.05;284.50;206.95;232.39;283.58;202.14;222.68;188.14;209.73;216.95;233.69;205.63;217.02;184.33;214.83
2011;9;213.55;245.36;229.11;295.85;232.19;213.32;191.20;226.37;335.33;183.59;204.08;206.77;209.05;229.14;246.90;214.05;242.85;191.28;281.40;203.77;230.15;281.81;199.16;219.90;185.00;206.46;215.98;232.20;201.36;214.03;180.98;204.50
2011;10;212.98;244.63;226.22;295.42;231.30;213.10;191.16;226.00;333.83;182.07;202.76;206.83;207.67;227.92;245.73;213.38;241.68;191.18;280.59;202.54;229.21;280.61;198.09;218.45;182.80;205.87;214.70;231.86;201.41;212.39;180.11;204.42
2011;11;214.30;246.87;226.34;301.35;231.61;213.78;195.33;226.32;333.71;183.23;202.98;206.80;208.74;228.76;245.58;212.45;242.95;191.59;282.40;203.12;234.43;282.36;198.35;219.74;183.37;207.46;215.20;233.59;202.60;213.96;180.49;205.55
2011;12;214.49;246.77;228.02;300.04;232.10;212.06;190.80;226.19;333.85;182.88;202.99;205.61;208.87;228.58;244.64;211.59;242.66;191.26;282.87;202.47;233.83;283.13;196.25;219.44;180.98;207.15;213.92;233.43;203.57;213.45;179.62;207.90
2012;1;226.06;256.15;240.10;312.85;242.97;220.86;202.76;232.43;352.74;193.79;213.55;222.17;221.55;239.78;260.14;224.74;254.81;202.70;293.49;220.92;245.74;293.99;203.65;231.49;187.52;214.75;228.46;240.46;215.76;226.12;190.88;216.14
2012;2;225.86;255.16;239.33;310.31;242.95;220.97;202.71;232.43;352.90;193.30;213.62;221.00;220.97;239.53;259.30;224.59;254.53;202.10;292.99;220.42;244.76;293.07;203.30;231.07;186.46;213.03;227.34;240.54;215.53;225.01;190.82;214.31
2012;3;221.52;251.63;238.22;305.56;239.76;220.53;201.83;236.03;351.76;191.10;211.34;218.41;216.89;237.57;254.60;222.47;252.03;201.61;293.89;213.71;237.84;293.32;204.83;229.72;186.80;211.31;224.81;243.40;208.42;223.97;188.91;214.90
2012;4;221.62;252.59;236.95;303.89;239.78;220.31;202.79;235.28;351.59;190.44;211.35;217.29;216.93;237.30;254.32;222.55;251.31;201.71;294.38;214.04;237.97;293.11;203.79;230.07;187.89;211.94;224.12;243.43;208.07;223.73;189.09;215.67
2012;5;223.68;254.75;238.20;308.29;244.50;221.81;204.47;235.05;353.17;192.96;216.75;220.24;218.44;239.50;258.61;223.87;260.88;204.61;295.83;216.76;240.48;297.88;204.74;233.70;191.60;216.70;225.08;245.76;213.55;227.19;192.47;217.76
2012;6;222.89;253.02;237.13;308.52;243.63;221.55;203.01;234.37;351.30;191.89;216.05;220.13;217.71;238.92;257.30;223.93;260.44;203.34;295.04;216.65;239.01;296.88;203.42;233.65;192.84;217.23;224.32;244.91;213.31;226.95;191.92;219.60
2012;7;224.95;255.75;240.77;314.08;246.75;231.24;205.35;237.15;352.34;198.83;218.08;228.89;221.34;241.98;261.54;230.13;257.84;205.05;298.53;217.85;245.24;298.43;208.46;236.83;196.50;224.19;229.06;245.62;215.89;230.75;193.34;232.36
2012;8;224.16;254.88;239.91;313.01;246.83;230.71;203.73;236.62;351.05;197.59;217.50;228.38;221.14;241.32;260.21;230.88;257.02;204.02;297.34;217.40;244.62;297.71;206.84;236.06;195.57;223.41;227.97;244.83;213.94;229.84;193.33;232.59
2012;9;220.73;252.68;235.20;312.76;245.15;223.34;201.72;235.09;348.39;194.74;214.68;219.98;219.44;238.25;254.87;228.07;256.22;202.40;293.12;217.52;238.99;295.26;204.82;232.52;190.92;219.06;227.71;243.34;209.81;227.19;191.24;221.66
2012;10;220.37;251.51;233.33;312.29;244.16;221.97;201.68;235.06;346.84;192.94;213.09;218.30;218.89;237.09;253.12;226.99;255.15;201.63;291.91;215.70;237.85;293.52;203.31;231.35;188.94;217.92;226.79;242.25;208.71;226.34;190.14;221.07
2012;11;220.78;251.91;232.43;318.65;244.75;221.60;202.04;235.66;346.60;194.03;211.84;215.11;220.02;237.49;253.75;224.83;254.71;200.45;293.63;217.82;243.28;294.16;202.55;231.99;190.56;218.37;228.69;243.13;208.74;228.10;190.71;221.52
